[
    {
        "subjectDescription": "ACG-Accounting: General",
        "courseTitle": "Principles of Financial Accounting",
        "campusDescription": "Tampa",
        "scheduleTypeDescription": "Class Lecture",
        "creditHours": 3,
        "courseReferenceNumber": "86592",
        "days": "0000100",
        "start": "0800",
        "end": "0850",
        "building": "BSN",
        "room": "111",
        "maximumEnrollment": 40,
        "enrollment": 4,
        "seatsAvailable": 36,
        "instructor": null,
        "email": "jmcainas@usf.edu",
        "campus": "Tampa"
    },
    {
        "subjectDescription": "ACG-Accounting: General",
        "courseTitle": "Principles of Financial Accounting",
        "campusDescription": "Tampa",
        "scheduleTypeDescription": "Class Lecture",
        "creditHours": 3,
        "courseReferenceNumber": "86868",
        "days": "0000100",
        "start": "0800",
        "end": "0850",
        "building": "BSN",
        "room": "2208",
        "maximumEnrollment": 39,
        "enrollment": 0,
        "seatsAvailable": 39,
        "instructor": null,
        "email": "jmcainas@usf.edu",
        "campus": "Tampa"
    },
    {
        "subjectDescription": "ACG-Accounting: General",
        "courseTitle": "Principles of Financial Accounting",
        "campusDescription": "Tampa",
        "scheduleTypeDescription": "Class Lecture",
        "creditHours": 3,
        "courseReferenceNumber": "86869",
        "days": "0000100",
        "start": "0800",
        "end": "0850",
        "building": "BSN",
        "room": "118",
        "maximumEnrollment": 40,
        "enrollment": 0,
        "seatsAvailable": 40,
        "instructor": null,
        "email": "jmcainas@usf.edu",
        "campus": "Tampa"
    },
    {
        "subjectDescription": "ACG-Accounting: General",
        "courseTitle": "Principles of Financial Accounting",
        "campusDescription": "Tampa",
        "scheduleTypeDescription": "Class Lecture",
        "creditHours": 3,
        "courseReferenceNumber": "86870",
        "days": "0000100",
        "start": "0800",
        "end": "0850",
        "building": "BSN",
        "room": "120",
        "maximumEnrollment": 40,
        "enrollment": 1,
        "seatsAvailable": 39,
        "instructor": null,
        "email": "jmcainas@usf.edu",
        "campus": "Tampa"
    },
    {
        "subjectDescription": "ACG-Accounting: General",
        "courseTitle": "Principles of Financial Accounting",
        "campusDescription": "Tampa",
        "scheduleTypeDescription": "Class Lecture",
        "creditHours": 3,
        "courseReferenceNumber": "86871",
        "days": "0000100",
        "start": "0930",
        "end": "1020",
        "building": "BSN",
        "room": "111",
        "maximumEnrollment": 40,
        "enrollment": 4,
        "seatsAvailable": 36,
        "instructor": null,
        "email": "jmcainas@usf.edu",
        "campus": "Tampa"
    },
    {
        "subjectDescription": "ACG-Accounting: General",
        "courseTitle": "Principles of Financial Accounting",
        "campusDescription": "Tampa",
        "scheduleTypeDescription": "Class Lecture",
        "creditHours": 3,
        "courseReferenceNumber": "86872",
        "days": "0000100",
        "start": "0930",
        "end": "1020",
        "building": "BSN",
        "room": "2208",
        "maximumEnrollment": 40,
        "enrollment": 4,
        "seatsAvailable": 36,
        "instructor": null,
        "email": "jmcainas@usf.edu",
        "campus": "Tampa"
    },
    {
        "subjectDescription": "ACG-Accounting: General",
        "courseTitle": "Principles of Financial Accounting",
        "campusDescription": "Tampa",
        "scheduleTypeDescription": "Class Lecture",
        "creditHours": 3,
        "courseReferenceNumber": "86873",
        "days": "0000100",
        "start": "0930",
        "end": "1020",
        "building": "BSN",
        "room": "118",
        "maximumEnrollment": 40,
        "enrollment": 3,
        "seatsAvailable": 37,
        "instructor": null,
        "email": "jmcainas@usf.edu",
        "campus": "Tampa"
    },
    {
        "subjectDescription": "ACG-Accounting: General",
        "courseTitle": "Principles of Financial Accounting",
        "campusDescription": "Tampa",
        "scheduleTypeDescription": "Class Lecture",
        "creditHours": 3,
        "courseReferenceNumber": "86874",
        "days": "0000100",
        "start": "0930",
        "end": "1020",
        "building": "BSN",
        "room": "120",
        "maximumEnrollment": 40,
        "enrollment": 2,
        "seatsAvailable": 38,
        "instructor": null,
        "email": "jmcainas@usf.edu",
        "campus": "Tampa"
    },
    {
        "subjectDescription": "ACG-Accounting: General",
        "courseTitle": "Principles of Financial Accounting",
        "campusDescription": "Tampa",
        "scheduleTypeDescription": "Class Lecture",
        "creditHours": 3,
        "courseReferenceNumber": "86875",
        "days": "0000100",
        "start": "1100",
        "end": "1150",
        "building": "BSN",
        "room": "111",
        "maximumEnrollment": 40,
        "enrollment": 7,
        "seatsAvailable": 33,
        "instructor": null,
        "email": "jmcainas@usf.edu",
        "campus": "Tampa"
    },
    {
        "subjectDescription": "ACG-Accounting: General",
        "courseTitle": "Principles of Financial Accounting",
        "campusDescription": "Tampa",
        "scheduleTypeDescription": "Class Lecture",
        "creditHours": 3,
        "courseReferenceNumber": "86876",
        "days": "0000100",
        "start": "1100",
        "end": "1150",
        "building": "BSN",
        "room": "124",
        "maximumEnrollment": 37,
        "enrollment": 0,
        "seatsAvailable": 37,
        "instructor": null,
        "email": "jmcainas@usf.edu",
        "campus": "Tampa"
    },
    {
        "subjectDescription": "ACG-Accounting: General",
        "courseTitle": "Principles of Financial Accounting",
        "campusDescription": "Tampa",
        "scheduleTypeDescription": "Class Lecture",
        "creditHours": 3,
        "courseReferenceNumber": "86877",
        "days": "0000100",
        "start": "1100",
        "end": "1150",
        "building": "BSN",
        "room": "118",
        "maximumEnrollment": 36,
        "enrollment": 1,
        "seatsAvailable": 35,
        "instructor": null,
        "email": "jmcainas@usf.edu",
        "campus": "Tampa"
    },
    {
        "subjectDescription": "ACG-Accounting: General",
        "courseTitle": "Principles of Financial Accounting",
        "campusDescription": "Tampa",
        "scheduleTypeDescription": "Class Lecture",
        "creditHours": 3,
        "courseReferenceNumber": "86878",
        "days": "0000100",
        "start": "1100",
        "end": "1150",
        "building": "BSN",
        "room": "2201",
        "maximumEnrollment": 36,
        "enrollment": 1,
        "seatsAvailable": 35,
        "instructor": null,
        "email": "jmcainas@usf.edu",
        "campus": "Tampa"
    },
    {
        "subjectDescription": "ACG-Accounting: General",
        "courseTitle": "Principles of Financial Accounting",
        "campusDescription": "Tampa",
        "scheduleTypeDescription": "Class Lecture",
        "creditHours": 3,
        "courseReferenceNumber": "94892",
        "days": "1010000",
        "start": "1230",
        "end": "1345",
        "building": "BSN",
        "room": "2205",
        "maximumEnrollment": 42,
        "enrollment": 15,
        "seatsAvailable": 27,
        "instructor": null,
        "email": null,
        "campus": "Tampa"
    },
    {
        "subjectDescription": "ACG-Accounting: General",
        "courseTitle": "Principles of Financial Accounting",
        "campusDescription": "Tampa",
        "scheduleTypeDescription": "Class Lecture",
        "creditHours": 3,
        "courseReferenceNumber": "95960",
        "days": "1010000",
        "start": "1400",
        "end": "1515",
        "building": "BSN",
        "room": "111",
        "maximumEnrollment": 45,
        "enrollment": 24,
        "seatsAvailable": 21,
        "instructor": null,
        "email": null,
        "campus": "Tampa"
    },
    {
        "subjectDescription": "ACG-Accounting: General",
        "courseTitle": "Principles of Financial Accounting",
        "campusDescription": "Tampa",
        "scheduleTypeDescription": "Class Lecture",
        "creditHours": 3,
        "courseReferenceNumber": "87132",
        "days": "0101000",
        "start": "0930",
        "end": "1045",
        "building": "BSN",
        "room": "118",
        "maximumEnrollment": 49,
        "enrollment": 0,
        "seatsAvailable": 49,
        "instructor": null,
        "email": null,
        "campus": "Tampa"
    },
    {
        "subjectDescription": "ACG-Accounting: General",
        "courseTitle": "Principles of Financial Accounting",
        "campusDescription": "St. Petersburg",
        "scheduleTypeDescription": "Class Lecture",
        "creditHours": 3,
        "courseReferenceNumber": "87091",
        "days": "0101000",
        "start": "1400",
        "end": "1515",
        "building": "LPH",
        "room": "101",
        "maximumEnrollment": 120,
        "enrollment": 4,
        "seatsAvailable": 116,
        "instructor": null,
        "email": "wsinclair@usf.edu",
        "campus": "St. Petersburg"
    },
    {
        "subjectDescription": "ACG-Accounting: General",
        "courseTitle": "Principles of Financial Accounting",
        "campusDescription": "Tampa",
        "scheduleTypeDescription": "Class Lecture",
        "creditHours": 3,
        "courseReferenceNumber": "95131",
        "days": "0001000",
        "start": "1830",
        "end": "2115",
        "building": "BSN",
        "room": "2300",
        "maximumEnrollment": 45,
        "enrollment": 3,
        "seatsAvailable": 42,
        "instructor": null,
        "email": null,
        "campus": "Tampa"
    },
    {
        "subjectDescription": "ACG-Accounting: General",
        "courseTitle": "Principles of Financial Accounting",
        "campusDescription": "Tampa",
        "scheduleTypeDescription": "Class Lecture",
        "creditHours": 3,
        "courseReferenceNumber": "96843",
        "days": "1000000",
        "start": "1830",
        "end": "2115",
        "building": "CIS",
        "room": "3064",
        "maximumEnrollment": 49,
        "enrollment": 1,
        "seatsAvailable": 48,
        "instructor": null,
        "email": "bstens@usf.edu",
        "campus": "Tampa"
    },
    {
        "subjectDescription": "ACG-Accounting: General",
        "courseTitle": "Principles of Financial Accounting",
        "campusDescription": "Sarasota-Manatee",
        "scheduleTypeDescription": "Class Lecture",
        "creditHours": 3,
        "courseReferenceNumber": "88083",
        "days": "0010000",
        "start": "1830",
        "end": "2115",
        "building": "SMC",
        "room": "B224",
        "maximumEnrollment": 25,
        "enrollment": 0,
        "seatsAvailable": 25,
        "instructor": null,
        "email": "etc@usf.edu",
        "campus": "Sarasota-Manatee"
    },
    {
        "subjectDescription": "ACG-Accounting: General",
        "courseTitle": "Principles of Managerial Accounting",
        "campusDescription": "Tampa",
        "scheduleTypeDescription": "Class Lecture",
        "creditHours": 3,
        "courseReferenceNumber": "87133",
        "days": "0000100",
        "start": "1230",
        "end": "1320",
        "building": "BSN",
        "room": "111",
        "maximumEnrollment": 40,
        "enrollment": 28,
        "seatsAvailable": 12,
        "instructor": null,
        "email": "jmcainas@usf.edu",
        "campus": "Tampa"
    },
    {
        "subjectDescription": "ACG-Accounting: General",
        "courseTitle": "Principles of Managerial Accounting",
        "campusDescription": "Tampa",
        "scheduleTypeDescription": "Class Lecture",
        "creditHours": 3,
        "courseReferenceNumber": "87134",
        "days": "0000100",
        "start": "1230",
        "end": "1320",
        "building": "BSN",
        "room": "2201",
        "maximumEnrollment": 39,
        "enrollment": 11,
        "seatsAvailable": 28,
        "instructor": null,
        "email": "jmcainas@usf.edu",
        "campus": "Tampa"
    },
    {
        "subjectDescription": "ACG-Accounting: General",
        "courseTitle": "Principles of Managerial Accounting",
        "campusDescription": "Tampa",
        "scheduleTypeDescription": "Class Lecture",
        "creditHours": 3,
        "courseReferenceNumber": "87135",
        "days": "0000100",
        "start": "1230",
        "end": "1320",
        "building": "BSN",
        "room": "118",
        "maximumEnrollment": 39,
        "enrollment": 1,
        "seatsAvailable": 38,
        "instructor": null,
        "email": "jmcainas@usf.edu",
        "campus": "Tampa"
    },
    {
        "subjectDescription": "ACG-Accounting: General",
        "courseTitle": "Principles of Managerial Accounting",
        "campusDescription": "Tampa",
        "scheduleTypeDescription": "Class Lecture",
        "creditHours": 3,
        "courseReferenceNumber": "87136",
        "days": "0000100",
        "start": "1230",
        "end": "1320",
        "building": "BSN",
        "room": "124",
        "maximumEnrollment": 39,
        "enrollment": 0,
        "seatsAvailable": 39,
        "instructor": null,
        "email": "jmcainas@usf.edu",
        "campus": "Tampa"
    },
    {
        "subjectDescription": "ACG-Accounting: General",
        "courseTitle": "Principles of Managerial Accounting",
        "campusDescription": "Tampa",
        "scheduleTypeDescription": "Class Lecture",
        "creditHours": 3,
        "courseReferenceNumber": "87137",
        "days": "0000100",
        "start": "1400",
        "end": "1450",
        "building": "BSN",
        "room": "123",
        "maximumEnrollment": 39,
        "enrollment": 1,
        "seatsAvailable": 38,
        "instructor": null,
        "email": "jmcainas@usf.edu",
        "campus": "Tampa"
    },
    {
        "subjectDescription": "ACG-Accounting: General",
        "courseTitle": "Principles of Managerial Accounting",
        "campusDescription": "Tampa",
        "scheduleTypeDescription": "Class Lecture",
        "creditHours": 3,
        "courseReferenceNumber": "87138",
        "days": "0000100",
        "start": "1400",
        "end": "1450",
        "building": "BSN",
        "room": "118",
        "maximumEnrollment": 39,
        "enrollment": 1,
        "seatsAvailable": 38,
        "instructor": null,
        "email": "jmcainas@usf.edu",
        "campus": "Tampa"
    },
    {
        "subjectDescription": "ACG-Accounting: General",
        "courseTitle": "Principles of Managerial Accounting",
        "campusDescription": "Tampa",
        "scheduleTypeDescription": "Class Lecture",
        "creditHours": 3,
        "courseReferenceNumber": "87139",
        "days": "0000100",
        "start": "1400",
        "end": "1450",
        "building": "BSN",
        "room": "124",
        "maximumEnrollment": 39,
        "enrollment": 3,
        "seatsAvailable": 36,
        "instructor": null,
        "email": "jmcainas@usf.edu",
        "campus": "Tampa"
    },
    {
        "subjectDescription": "ACG-Accounting: General",
        "courseTitle": "Principles of Managerial Accounting",
        "campusDescription": "Tampa",
        "scheduleTypeDescription": "Class Lecture",
        "creditHours": 3,
        "courseReferenceNumber": "87140",
        "days": "0000100",
        "start": "1400",
        "end": "1450",
        "building": "BSN",
        "room": "1101",
        "maximumEnrollment": 39,
        "enrollment": 0,
        "seatsAvailable": 39,
        "instructor": null,
        "email": "jmcainas@usf.edu",
        "campus": "Tampa"
    },
    {
        "subjectDescription": "ACG-Accounting: General",
        "courseTitle": "Principles of Managerial Accounting",
        "campusDescription": "Tampa",
        "scheduleTypeDescription": "Class Lecture",
        "creditHours": 3,
        "courseReferenceNumber": "94432",
        "days": "0000100",
        "start": "1400",
        "end": "1450",
        "building": "BSN",
        "room": "120",
        "maximumEnrollment": 39,
        "enrollment": 0,
        "seatsAvailable": 39,
        "instructor": null,
        "email": "jmcainas@usf.edu",
        "campus": "Tampa"
    },
    {
        "subjectDescription": "ACG-Accounting: General",
        "courseTitle": "Principles of Managerial Accounting",
        "campusDescription": "Tampa",
        "scheduleTypeDescription": "Class Lecture",
        "creditHours": 3,
        "courseReferenceNumber": "94433",
        "days": "0000100",
        "start": "1400",
        "end": "1450",
        "building": "BSN",
        "room": "2304",
        "maximumEnrollment": 39,
        "enrollment": 0,
        "seatsAvailable": 39,
        "instructor": null,
        "email": "jmcainas@usf.edu",
        "campus": "Tampa"
    },
    {
        "subjectDescription": "ACG-Accounting: General",
        "courseTitle": "Principles of Managerial Accounting",
        "campusDescription": "Tampa",
        "scheduleTypeDescription": "Class Lecture",
        "creditHours": 3,
        "courseReferenceNumber": "97556",
        "days": "0000100",
        "start": "1230",
        "end": "1320",
        "building": "BSN",
        "room": "2304",
        "maximumEnrollment": 39,
        "enrollment": 0,
        "seatsAvailable": 39,
        "instructor": null,
        "email": "jmcainas@usf.edu",
        "campus": "Tampa"
    },
    {
        "subjectDescription": "ACG-Accounting: General",
        "courseTitle": "Principles of Managerial Accounting",
        "campusDescription": "Tampa",
        "scheduleTypeDescription": "Class Lecture",
        "creditHours": 3,
        "courseReferenceNumber": "97557",
        "days": "0000100",
        "start": "1400",
        "end": "1450",
        "building": "BSN",
        "room": "2305",
        "maximumEnrollment": 39,
        "enrollment": 0,
        "seatsAvailable": 39,
        "instructor": null,
        "email": null,
        "campus": "Tampa"
    },
    {
        "subjectDescription": "ACG-Accounting: General",
        "courseTitle": "Principles of Managerial Accounting",
        "campusDescription": "Tampa",
        "scheduleTypeDescription": "Class Lecture",
        "creditHours": 3,
        "courseReferenceNumber": "95295",
        "days": "1010000",
        "start": "1530",
        "end": "1645",
        "building": "BSN",
        "room": "2300",
        "maximumEnrollment": 45,
        "enrollment": 21,
        "seatsAvailable": 24,
        "instructor": null,
        "email": "candrews2@usf.edu",
        "campus": "Tampa"
    },
    {
        "subjectDescription": "ACG-Accounting: General",
        "courseTitle": "Principles of Managerial Accounting",
        "campusDescription": "Off-campus - Sarasota-Manatee",
        "scheduleTypeDescription": "Other",
        "creditHours": 3,
        "courseReferenceNumber": "88087",
        "days": "0000000",
        "start": null,
        "end": null,
        "building": "OFFS",
        "room": "OFF",
        "maximumEnrollment": 60,
        "enrollment": 31,
        "seatsAvailable": 29,
        "instructor": null,
        "email": "etc@usf.edu",
        "campus": "Off-campus - Sarasota-Manatee"
    },
    {
        "subjectDescription": "ACG-Accounting: General",
        "courseTitle": "Principles of Managerial Accounting",
        "campusDescription": "Sarasota-Manatee",
        "scheduleTypeDescription": "Class Lecture",
        "creditHours": 3,
        "courseReferenceNumber": "88088",
        "days": "0101000",
        "start": "1530",
        "end": "1645",
        "building": "SMC",
        "room": "B206",
        "maximumEnrollment": 35,
        "enrollment": 1,
        "seatsAvailable": 34,
        "instructor": null,
        "email": "etc@usf.edu",
        "campus": "Sarasota-Manatee"
    },
    {
        "subjectDescription": "ACG-Accounting: General",
        "courseTitle": "Principles of Managerial Accounting",
        "campusDescription": "St. Petersburg",
        "scheduleTypeDescription": "Class Lecture",
        "creditHours": 3,
        "courseReferenceNumber": "93338",
        "days": "1010000",
        "start": "1400",
        "end": "1515",
        "building": "LPH",
        "room": "101",
        "maximumEnrollment": 120,
        "enrollment": 8,
        "seatsAvailable": 112,
        "instructor": null,
        "email": "pgaukel@usf.edu",
        "campus": "St. Petersburg"
    },
    {
        "subjectDescription": "ACG-Accounting: General",
        "courseTitle": "Principles of Managerial Accounting",
        "campusDescription": "Tampa",
        "scheduleTypeDescription": "Class Lecture",
        "creditHours": 3,
        "courseReferenceNumber": "94439",
        "days": "1000000",
        "start": "1830",
        "end": "2115",
        "building": "CPR",
        "room": "115",
        "maximumEnrollment": 49,
        "enrollment": 4,
        "seatsAvailable": 45,
        "instructor": null,
        "email": "candrews2@usf.edu",
        "campus": "Tampa"
    },
    {
        "subjectDescription": "ACG-Accounting: General",
        "courseTitle": "Principles of Managerial Accounting",
        "campusDescription": "Tampa",
        "scheduleTypeDescription": "Class Lecture",
        "creditHours": 3,
        "courseReferenceNumber": "94440",
        "days": "0100000",
        "start": "1830",
        "end": "2115",
        "building": "CIS",
        "room": "1045",
        "maximumEnrollment": 49,
        "enrollment": 1,
        "seatsAvailable": 48,
        "instructor": null,
        "email": "ashokc@usf.edu",
        "campus": "Tampa"
    },
    {
        "subjectDescription": "ACG-Accounting: General",
        "courseTitle": "Managerial Accounting for Non-Business Majors",
        "campusDescription": "Off-campus - Tampa",
        "scheduleTypeDescription": "Other",
        "creditHours": 3,
        "courseReferenceNumber": "87144",
        "days": "0000000",
        "start": null,
        "end": null,
        "building": "OFFT",
        "room": "OFF",
        "maximumEnrollment": 80,
        "enrollment": 7,
        "seatsAvailable": 73,
        "instructor": null,
        "email": "candrews2@usf.edu",
        "campus": "Off-campus - Tampa"
    },
    {
        "subjectDescription": "ACG-Accounting: General",
        "courseTitle": "Intermediate Financial Accounting I",
        "campusDescription": "Tampa",
        "scheduleTypeDescription": "Class Lecture",
        "creditHours": 3,
        "courseReferenceNumber": "87145",
        "days": "0101000",
        "start": "1100",
        "end": "1215",
        "building": "BSN",
        "room": "118",
        "maximumEnrollment": 49,
        "enrollment": 9,
        "seatsAvailable": 40,
        "instructor": null,
        "email": "tsmith46@usf.edu",
        "campus": "Tampa"
    },
    {
        "subjectDescription": "ACG-Accounting: General",
        "courseTitle": "Intermediate Financial Accounting I",
        "campusDescription": "Tampa",
        "scheduleTypeDescription": "Class Lecture",
        "creditHours": 3,
        "courseReferenceNumber": "87146",
        "days": "1010000",
        "start": "1530",
        "end": "1645",
        "building": "BSN",
        "room": "111",
        "maximumEnrollment": 49,
        "enrollment": 7,
        "seatsAvailable": 42,
        "instructor": null,
        "email": "parkj@usf.edu",
        "campus": "Tampa"
    },
    {
        "subjectDescription": "ACG-Accounting: General",
        "courseTitle": "Intermediate Financial Accounting I",
        "campusDescription": "Tampa",
        "scheduleTypeDescription": "Class Lecture",
        "creditHours": 3,
        "courseReferenceNumber": "87147",
        "days": "0101000",
        "start": "0930",
        "end": "1045",
        "building": "BSN",
        "room": "111",
        "maximumEnrollment": 49,
        "enrollment": 7,
        "seatsAvailable": 42,
        "instructor": null,
        "email": "tsmith46@usf.edu",
        "campus": "Tampa"
    },
    {
        "subjectDescription": "ACG-Accounting: General",
        "courseTitle": "Intermediate Financial Accounting I",
        "campusDescription": "Off-campus - Sarasota-Manatee",
        "scheduleTypeDescription": "Class Lecture",
        "creditHours": 3,
        "courseReferenceNumber": "88133",
        "days": "0000000",
        "start": null,
        "end": null,
        "building": "OFFS",
        "room": "OFF",
        "maximumEnrollment": 35,
        "enrollment": 4,
        "seatsAvailable": 31,
        "instructor": null,
        "email": "itoth@usf.edu",
        "campus": "Off-campus - Sarasota-Manatee"
    },
    {
        "subjectDescription": "ACG-Accounting: General",
        "courseTitle": "Intermediate Financial Accounting I",
        "campusDescription": "Off-campus - Sarasota-Manatee",
        "scheduleTypeDescription": "Class Lecture",
        "creditHours": 3,
        "courseReferenceNumber": "97228",
        "days": "0000000",
        "start": null,
        "end": null,
        "building": "OFFS",
        "room": "OFF",
        "maximumEnrollment": 35,
        "enrollment": 1,
        "seatsAvailable": 34,
        "instructor": null,
        "email": "itoth@usf.edu",
        "campus": "Off-campus - Sarasota-Manatee"
    },
    {
        "subjectDescription": "ACG-Accounting: General",
        "courseTitle": "Intermediate Financial Accounting I",
        "campusDescription": "Off-campus - Sarasota-Manatee",
        "scheduleTypeDescription": "Class Lecture",
        "creditHours": 3,
        "courseReferenceNumber": "88137",
        "days": "0010000",
        "start": "1830",
        "end": "2115",
        "building": "OFFS",
        "room": "OFF",
        "maximumEnrollment": 5,
        "enrollment": 0,
        "seatsAvailable": 5,
        "instructor": null,
        "email": "itoth@usf.edu",
        "campus": "Off-campus - Sarasota-Manatee"
    },
    {
        "subjectDescription": "ACG-Accounting: General",
        "courseTitle": "Intermediate Financial Accounting I",
        "campusDescription": "Tampa",
        "scheduleTypeDescription": "Class Lecture",
        "creditHours": 3,
        "courseReferenceNumber": "87148",
        "days": "1000000",
        "start": "1830",
        "end": "2115",
        "building": "CIS",
        "room": "1035",
        "maximumEnrollment": 49,
        "enrollment": 1,
        "seatsAvailable": 48,
        "instructor": null,
        "email": "parkj@usf.edu",
        "campus": "Tampa"
    },
    {
        "subjectDescription": "ACG-Accounting: General",
        "courseTitle": "Intermediate Financial Accounting I",
        "campusDescription": "St. Petersburg",
        "scheduleTypeDescription": "Class Lecture",
        "creditHours": 3,
        "courseReferenceNumber": "87246",
        "days": "1000000",
        "start": "1830",
        "end": "2115",
        "building": "LPH",
        "room": "222",
        "maximumEnrollment": 25,
        "enrollment": 2,
        "seatsAvailable": 23,
        "instructor": null,
        "email": "dsinclair@usf.edu",
        "campus": "St. Petersburg"
    },
    {
        "subjectDescription": "ACG-Accounting: General",
        "courseTitle": "Intermediate Financial Accounting I",
        "campusDescription": "Sarasota-Manatee",
        "scheduleTypeDescription": "Class Lecture",
        "creditHours": 3,
        "courseReferenceNumber": "88138",
        "days": "0010000",
        "start": "1830",
        "end": "2115",
        "building": "SMC",
        "room": "B206",
        "maximumEnrollment": 30,
        "enrollment": 0,
        "seatsAvailable": 30,
        "instructor": null,
        "email": "itoth@usf.edu",
        "campus": "Sarasota-Manatee"
    },
    {
        "subjectDescription": "ACG-Accounting: General",
        "courseTitle": "Intermediate Financial Accounting II",
        "campusDescription": "Tampa",
        "scheduleTypeDescription": "Class Lecture",
        "creditHours": 3,
        "courseReferenceNumber": "87141",
        "days": "1010000",
        "start": "1100",
        "end": "1215",
        "building": "BSN",
        "room": "111",
        "maximumEnrollment": 45,
        "enrollment": 17,
        "seatsAvailable": 28,
        "instructor": null,
        "email": "hlively@usf.edu",
        "campus": "Tampa"
    },
    {
        "subjectDescription": "ACG-Accounting: General",
        "courseTitle": "Intermediate Financial Accounting II",
        "campusDescription": "Tampa",
        "scheduleTypeDescription": "Class Lecture",
        "creditHours": 3,
        "courseReferenceNumber": "87142",
        "days": "1010000",
        "start": "1400",
        "end": "1515",
        "building": "BSN",
        "room": "1102",
        "maximumEnrollment": 45,
        "enrollment": 7,
        "seatsAvailable": 38,
        "instructor": null,
        "email": "hlively@usf.edu",
        "campus": "Tampa"
    },
    {
        "subjectDescription": "ACG-Accounting: General",
        "courseTitle": "Intermediate Financial Accounting II",
        "campusDescription": "Off-campus - St. Petersburg",
        "scheduleTypeDescription": "Class Lecture",
        "creditHours": 3,
        "courseReferenceNumber": "87248",
        "days": "0000000",
        "start": null,
        "end": null,
        "building": "OFFP",
        "room": "OFF",
        "maximumEnrollment": 35,
        "enrollment": 1,
        "seatsAvailable": 34,
        "instructor": null,
        "email": "caban@usf.edu",
        "campus": "Off-campus - St. Petersburg"
    },
    {
        "subjectDescription": "ACG-Accounting: General",
        "courseTitle": "Intermediate Financial Accounting II",
        "campusDescription": "Off-campus - Sarasota-Manatee",
        "scheduleTypeDescription": "Class Lecture",
        "creditHours": 3,
        "courseReferenceNumber": "94502",
        "days": "0000000",
        "start": null,
        "end": null,
        "building": "OFFS",
        "room": "OFF",
        "maximumEnrollment": 30,
        "enrollment": 6,
        "seatsAvailable": 24,
        "instructor": null,
        "email": "itoth@usf.edu",
        "campus": "Off-campus - Sarasota-Manatee"
    },
    {
        "subjectDescription": "ACG-Accounting: General",
        "courseTitle": "Intermediate Financial Accounting II",
        "campusDescription": "Tampa",
        "scheduleTypeDescription": "Class Lecture",
        "creditHours": 3,
        "courseReferenceNumber": "87143",
        "days": "1000000",
        "start": "1830",
        "end": "2115",
        "building": "BSN",
        "room": "1201",
        "maximumEnrollment": 45,
        "enrollment": 4,
        "seatsAvailable": 41,
        "instructor": null,
        "email": "caban@usf.edu",
        "campus": "Tampa"
    },
    {
        "subjectDescription": "ACG-Accounting: General",
        "courseTitle": "Intermediate Financial Accounting II",
        "campusDescription": "St. Petersburg",
        "scheduleTypeDescription": "Class Lecture",
        "creditHours": 3,
        "courseReferenceNumber": "94445",
        "days": "0100000",
        "start": "1700",
        "end": "1945",
        "building": "LPH",
        "room": "215",
        "maximumEnrollment": 45,
        "enrollment": 2,
        "seatsAvailable": 43,
        "instructor": null,
        "email": "caban@usf.edu",
        "campus": "St. Petersburg"
    },
    {
        "subjectDescription": "ACG-Accounting: General",
        "courseTitle": "Cost Accounting &amp; Control I",
        "campusDescription": "Tampa",
        "scheduleTypeDescription": "Class Lecture",
        "creditHours": 3,
        "courseReferenceNumber": "87149",
        "days": "1010000",
        "start": "1230",
        "end": "1345",
        "building": "BSN",
        "room": "115",
        "maximumEnrollment": 65,
        "enrollment": 14,
        "seatsAvailable": 51,
        "instructor": null,
        "email": null,
        "campus": "Tampa"
    },
    {
        "subjectDescription": "ACG-Accounting: General",
        "courseTitle": "Cost Accounting &amp; Control I",
        "campusDescription": "Tampa",
        "scheduleTypeDescription": "Class Lecture",
        "creditHours": 3,
        "courseReferenceNumber": "87150",
        "days": "1010000",
        "start": "1400",
        "end": "1515",
        "building": "BSN",
        "room": "1101",
        "maximumEnrollment": 47,
        "enrollment": 11,
        "seatsAvailable": 36,
        "instructor": null,
        "email": "carloserielj@usf.edu",
        "campus": "Tampa"
    },
    {
        "subjectDescription": "ACG-Accounting: General",
        "courseTitle": "Cost Accounting &amp; Control I",
        "campusDescription": "Tampa",
        "scheduleTypeDescription": "Class Lecture",
        "creditHours": 3,
        "courseReferenceNumber": "94927",
        "days": "0101000",
        "start": "1400",
        "end": "1515",
        "building": "CIS",
        "room": "3064",
        "maximumEnrollment": 49,
        "enrollment": 0,
        "seatsAvailable": 49,
        "instructor": null,
        "email": null,
        "campus": "Tampa"
    },
    {
        "subjectDescription": "ACG-Accounting: General",
        "courseTitle": "Cost Accounting &amp; Control I",
        "campusDescription": "Off-campus - St. Petersburg",
        "scheduleTypeDescription": "Other",
        "creditHours": 3,
        "courseReferenceNumber": "87253",
        "days": "0000000",
        "start": null,
        "end": null,
        "building": "OFFP",
        "room": "OFF",
        "maximumEnrollment": 85,
        "enrollment": 7,
        "seatsAvailable": 78,
        "instructor": null,
        "email": "pgaukel@usf.edu",
        "campus": "Off-campus - St. Petersburg"
    },
    {
        "subjectDescription": "ACG-Accounting: General",
        "courseTitle": "Cost Accounting &amp; Control I",
        "campusDescription": "Tampa",
        "scheduleTypeDescription": "Class Lecture",
        "creditHours": 3,
        "courseReferenceNumber": "87151",
        "days": "0100000",
        "start": "1830",
        "end": "2115",
        "building": "BSN",
        "room": "2200",
        "maximumEnrollment": 43,
        "enrollment": 0,
        "seatsAvailable": 43,
        "instructor": null,
        "email": null,
        "campus": "Tampa"
    },
    {
        "subjectDescription": "ACG-Accounting: General",
        "courseTitle": "Cost Accounting &amp; Control I",
        "campusDescription": "Sarasota-Manatee",
        "scheduleTypeDescription": "Class Lecture",
        "creditHours": 3,
        "courseReferenceNumber": "88140",
        "days": "0100000",
        "start": "1830",
        "end": "2115",
        "building": "SMC",
        "room": "B206",
        "maximumEnrollment": 20,
        "enrollment": 0,
        "seatsAvailable": 20,
        "instructor": null,
        "email": "etc@usf.edu",
        "campus": "Sarasota-Manatee"
    },
    {
        "subjectDescription": "ACG-Accounting: General",
        "courseTitle": "Cost Accounting &amp; Control I",
        "campusDescription": "St. Petersburg",
        "scheduleTypeDescription": "Class Lecture",
        "creditHours": 3,
        "courseReferenceNumber": "94446",
        "days": "0010000",
        "start": "1830",
        "end": "2115",
        "building": "LPH",
        "room": "214",
        "maximumEnrollment": 35,
        "enrollment": 2,
        "seatsAvailable": 33,
        "instructor": null,
        "email": "pgaukel@usf.edu",
        "campus": "St. Petersburg"
    },
    {
        "subjectDescription": "ACG-Accounting: General",
        "courseTitle": "Accounting Information Systems",
        "campusDescription": "Tampa",
        "scheduleTypeDescription": "Class Lecture",
        "creditHours": 3,
        "courseReferenceNumber": "87153",
        "days": "0101000",
        "start": "1400",
        "end": "1515",
        "building": "CIS",
        "room": "1034",
        "maximumEnrollment": 32,
        "enrollment": 7,
        "seatsAvailable": 25,
        "instructor": null,
        "email": "kdavis@usf.edu",
        "campus": "Tampa"
    },
    {
        "subjectDescription": "ACG-Accounting: General",
        "courseTitle": "Accounting Information Systems",
        "campusDescription": "Tampa",
        "scheduleTypeDescription": "Class Lecture",
        "creditHours": 3,
        "courseReferenceNumber": "94893",
        "days": "0101000",
        "start": "1230",
        "end": "1345",
        "building": "BSN",
        "room": "1204",
        "maximumEnrollment": 34,
        "enrollment": 23,
        "seatsAvailable": 11,
        "instructor": null,
        "email": "fangchun@usf.edu",
        "campus": "Tampa"
    },
    {
        "subjectDescription": "ACG-Accounting: General",
        "courseTitle": "Accounting Information Systems",
        "campusDescription": "Off-campus - St. Petersburg",
        "scheduleTypeDescription": "Other",
        "creditHours": 3,
        "courseReferenceNumber": "87285",
        "days": "0000000",
        "start": null,
        "end": null,
        "building": "OFFP",
        "room": "OFF",
        "maximumEnrollment": 40,
        "enrollment": 1,
        "seatsAvailable": 39,
        "instructor": null,
        "email": "fangchun@usf.edu",
        "campus": "Off-campus - St. Petersburg"
    },
    {
        "subjectDescription": "ACG-Accounting: General",
        "courseTitle": "Accounting Information Systems",
        "campusDescription": "Tampa",
        "scheduleTypeDescription": "Class Lecture",
        "creditHours": 3,
        "courseReferenceNumber": "87154",
        "days": "0100000",
        "start": "1830",
        "end": "2115",
        "building": "BSN",
        "room": "1204",
        "maximumEnrollment": 32,
        "enrollment": 2,
        "seatsAvailable": 30,
        "instructor": null,
        "email": "kdavis@usf.edu",
        "campus": "Tampa"
    },
    {
        "subjectDescription": "ACG-Accounting: General",
        "courseTitle": "Accounting Information Systems",
        "campusDescription": "St. Petersburg",
        "scheduleTypeDescription": "Class Lecture",
        "creditHours": 3,
        "courseReferenceNumber": "87255",
        "days": "0010000",
        "start": "1830",
        "end": "2115",
        "building": "LPH",
        "room": "222",
        "maximumEnrollment": 30,
        "enrollment": 11,
        "seatsAvailable": 19,
        "instructor": null,
        "email": "fangchun@usf.edu",
        "campus": "St. Petersburg"
    },
    {
        "subjectDescription": "ACG-Accounting: General",
        "courseTitle": "Auditing I",
        "campusDescription": "Tampa",
        "scheduleTypeDescription": "Class Lecture",
        "creditHours": 3,
        "courseReferenceNumber": "94928",
        "days": "0101000",
        "start": "1100",
        "end": "1215",
        "building": "CPR",
        "room": "126",
        "maximumEnrollment": 40,
        "enrollment": 30,
        "seatsAvailable": 10,
        "instructor": null,
        "email": "mdomino@usf.edu",
        "campus": "Tampa"
    },
    {
        "subjectDescription": "ACG-Accounting: General",
        "courseTitle": "Auditing I",
        "campusDescription": "Off-campus - Tampa",
        "scheduleTypeDescription": "Other",
        "creditHours": 3,
        "courseReferenceNumber": "95296",
        "days": "0000000",
        "start": null,
        "end": null,
        "building": "OFFT",
        "room": "OFF",
        "maximumEnrollment": 5,
        "enrollment": 0,
        "seatsAvailable": 5,
        "instructor": null,
        "email": "kdemek@usf.edu",
        "campus": "Off-campus - Tampa"
    },
    {
        "subjectDescription": "ACG-Accounting: General",
        "courseTitle": "Auditing I",
        "campusDescription": "Off-campus - Tampa",
        "scheduleTypeDescription": "Other",
        "creditHours": 3,
        "courseReferenceNumber": "87157",
        "days": "0000000",
        "start": null,
        "end": null,
        "building": "OFFT",
        "room": "OFF",
        "maximumEnrollment": 45,
        "enrollment": 14,
        "seatsAvailable": 31,
        "instructor": null,
        "email": "kdemek@usf.edu",
        "campus": "Off-campus - Tampa"
    },
    {
        "subjectDescription": "ACG-Accounting: General",
        "courseTitle": "Auditing I",
        "campusDescription": "Tampa",
        "scheduleTypeDescription": "Class Lecture",
        "creditHours": 3,
        "courseReferenceNumber": "94991",
        "days": "0001000",
        "start": "1830",
        "end": "2115",
        "building": "BSN",
        "room": "111",
        "maximumEnrollment": 40,
        "enrollment": 15,
        "seatsAvailable": 25,
        "instructor": null,
        "email": "jdisanto@usf.edu",
        "campus": "Tampa"
    },
    {
        "subjectDescription": "ACG-Accounting: General",
        "courseTitle": "Auditing I",
        "campusDescription": "St. Petersburg",
        "scheduleTypeDescription": "Class Lecture",
        "creditHours": 3,
        "courseReferenceNumber": "87263",
        "days": "0100000",
        "start": "1830",
        "end": "2115",
        "building": "LPH",
        "room": "127",
        "maximumEnrollment": 45,
        "enrollment": 5,
        "seatsAvailable": 40,
        "instructor": null,
        "email": "wenshanlin@usf.edu",
        "campus": "St. Petersburg"
    },
    {
        "subjectDescription": "ACG-Accounting: General",
        "courseTitle": "Auditing I",
        "campusDescription": "Tampa",
        "scheduleTypeDescription": "Class Lecture",
        "creditHours": 3,
        "courseReferenceNumber": "95601",
        "days": "1000000",
        "start": "1830",
        "end": "2115",
        "building": "BSN",
        "room": "1401",
        "maximumEnrollment": 40,
        "enrollment": 31,
        "seatsAvailable": 9,
        "instructor": null,
        "email": "hlively@usf.edu",
        "campus": "Tampa"
    },
    {
        "subjectDescription": "ACG-Accounting: General",
        "courseTitle": "Analytics in Accounting",
        "campusDescription": "Tampa",
        "scheduleTypeDescription": "Other",
        "creditHours": 3,
        "courseReferenceNumber": "96946",
        "days": "0101000",
        "start": "1400",
        "end": "1515",
        "building": "CPR",
        "room": "127",
        "maximumEnrollment": 40,
        "enrollment": 17,
        "seatsAvailable": 23,
        "instructor": null,
        "email": null,
        "campus": "Tampa"
    },
    {
        "subjectDescription": "ACG-Accounting: General",
        "courseTitle": "Analytics in Accounting",
        "campusDescription": "Off-campus - Tampa",
        "scheduleTypeDescription": "Other",
        "creditHours": 3,
        "courseReferenceNumber": "97219",
        "days": "0000000",
        "start": null,
        "end": null,
        "building": "OFFT",
        "room": "OFF",
        "maximumEnrollment": 10,
        "enrollment": 4,
        "seatsAvailable": 6,
        "instructor": null,
        "email": null,
        "campus": "Off-campus - Tampa"
    },
    {
        "subjectDescription": "ACG-Accounting: General",
        "courseTitle": "Analytics in Accounting",
        "campusDescription": "Off-campus - Tampa",
        "scheduleTypeDescription": "Other",
        "creditHours": 3,
        "courseReferenceNumber": "97218",
        "days": "0000000",
        "start": null,
        "end": null,
        "building": "OFFT",
        "room": "OFF",
        "maximumEnrollment": 30,
        "enrollment": 6,
        "seatsAvailable": 24,
        "instructor": null,
        "email": null,
        "campus": "Off-campus - Tampa"
    },
    {
        "subjectDescription": "ACG-Accounting: General",
        "courseTitle": "Analytics in Accounting",
        "campusDescription": "Tampa",
        "scheduleTypeDescription": "Other",
        "creditHours": 3,
        "courseReferenceNumber": "96947",
        "days": "0001000",
        "start": "1830",
        "end": "2115",
        "building": "CIS",
        "room": "1045",
        "maximumEnrollment": 40,
        "enrollment": 7,
        "seatsAvailable": 33,
        "instructor": null,
        "email": null,
        "campus": "Tampa"
    },
    {
        "subjectDescription": "ACG-Accounting: General",
        "courseTitle": "Financial &amp; Managerial Reporting with Data Analytics",
        "campusDescription": "Tampa",
        "scheduleTypeDescription": "Class Lecture",
        "creditHours": 3,
        "courseReferenceNumber": "96942",
        "days": "1010000",
        "start": "1100",
        "end": "1215",
        "building": "BSN",
        "room": "2200",
        "maximumEnrollment": 43,
        "enrollment": 18,
        "seatsAvailable": 25,
        "instructor": null,
        "email": "whitworth@usf.edu",
        "campus": "Tampa"
    },
    {
        "subjectDescription": "ACG-Accounting: General",
        "courseTitle": "Financial &amp; Managerial Reporting with Data Analytics",
        "campusDescription": "Off-campus - St. Petersburg",
        "scheduleTypeDescription": "Other",
        "creditHours": 3,
        "courseReferenceNumber": "97223",
        "days": "0000000",
        "start": null,
        "end": null,
        "building": "OFFP",
        "room": "OFF",
        "maximumEnrollment": 10,
        "enrollment": 5,
        "seatsAvailable": 5,
        "instructor": null,
        "email": "pgaukel@usf.edu",
        "campus": "Off-campus - St. Petersburg"
    },
    {
        "subjectDescription": "ACG-Accounting: General",
        "courseTitle": "Financial &amp; Managerial Reporting with Data Analytics",
        "campusDescription": "Off-campus - St. Petersburg",
        "scheduleTypeDescription": "Other",
        "creditHours": 3,
        "courseReferenceNumber": "97220",
        "days": "0000000",
        "start": null,
        "end": null,
        "building": "OFFP",
        "room": "OFF",
        "maximumEnrollment": 30,
        "enrollment": 11,
        "seatsAvailable": 19,
        "instructor": null,
        "email": "pgaukel@usf.edu",
        "campus": "Off-campus - St. Petersburg"
    },
    {
        "subjectDescription": "ACG-Accounting: General",
        "courseTitle": "Financial &amp; Managerial Reporting with Data Analytics",
        "campusDescription": "Tampa",
        "scheduleTypeDescription": "Class Lecture",
        "creditHours": 3,
        "courseReferenceNumber": "96943",
        "days": "1000000",
        "start": "1830",
        "end": "2115",
        "building": "BSN",
        "room": "1101",
        "maximumEnrollment": 45,
        "enrollment": 9,
        "seatsAvailable": 36,
        "instructor": null,
        "email": "whitworth@usf.edu",
        "campus": "Tampa"
    },
    {
        "subjectDescription": "ACG-Accounting: General",
        "courseTitle": "Advanced Auditing - Regulation Technology &amp; Analytics",
        "campusDescription": "Tampa",
        "scheduleTypeDescription": "Class Lecture",
        "creditHours": 3,
        "courseReferenceNumber": "96944",
        "days": "0101000",
        "start": "1100",
        "end": "1215",
        "building": "BSN",
        "room": "111",
        "maximumEnrollment": 45,
        "enrollment": 21,
        "seatsAvailable": 24,
        "instructor": null,
        "email": null,
        "campus": "Tampa"
    },
    {
        "subjectDescription": "ACG-Accounting: General",
        "courseTitle": "Advanced Auditing - Regulation Technology &amp; Analytics",
        "campusDescription": "Tampa",
        "scheduleTypeDescription": "Class Lecture",
        "creditHours": 3,
        "courseReferenceNumber": "96945",
        "days": "0100000",
        "start": "1830",
        "end": "2115",
        "building": "CPR",
        "room": "255",
        "maximumEnrollment": 47,
        "enrollment": 1,
        "seatsAvailable": 46,
        "instructor": null,
        "email": null,
        "campus": "Tampa"
    },
    {
        "subjectDescription": "ACG-Accounting: General",
        "courseTitle": "Advanced Financial Accounting",
        "campusDescription": "Tampa",
        "scheduleTypeDescription": "Class Lecture",
        "creditHours": 3,
        "courseReferenceNumber": "96955",
        "days": "0010000",
        "start": "1830",
        "end": "2115",
        "building": "BSN",
        "room": "2303",
        "maximumEnrollment": 45,
        "enrollment": 1,
        "seatsAvailable": 44,
        "instructor": null,
        "email": "wenshanlin@usf.edu",
        "campus": "Tampa"
    },
    {
        "subjectDescription": "ACG-Accounting: General",
        "courseTitle": "Internal &amp; Operational Auditing",
        "campusDescription": "Tampa",
        "scheduleTypeDescription": "Class Lecture",
        "creditHours": 3,
        "courseReferenceNumber": "91367",
        "days": "0001000",
        "start": "1830",
        "end": "2115",
        "building": "BSN",
        "room": "2200",
        "maximumEnrollment": 40,
        "enrollment": 7,
        "seatsAvailable": 33,
        "instructor": null,
        "email": "bstens@usf.edu",
        "campus": "Tampa"
    },
    {
        "subjectDescription": "ACG-Accounting: General",
        "courseTitle": "Accounting Concepts for Managers",
        "campusDescription": "Tampa",
        "scheduleTypeDescription": "Class Lecture",
        "creditHours": 3,
        "courseReferenceNumber": "87868",
        "days": "0000110",
        "start": "0830",
        "end": "1230",
        "building": "TBAT",
        "room": "TBA",
        "maximumEnrollment": 30,
        "enrollment": 0,
        "seatsAvailable": 30,
        "instructor": null,
        "email": "bdong@usf.edu",
        "campus": "Tampa"
    },
    {
        "subjectDescription": "ACG-Accounting: General",
        "courseTitle": "Accounting Concepts for Managers",
        "campusDescription": "Off-campus - Tampa",
        "scheduleTypeDescription": "Other",
        "creditHours": 3,
        "courseReferenceNumber": "88065",
        "days": "0000000",
        "start": null,
        "end": null,
        "building": "OFFT",
        "room": "OFF",
        "maximumEnrollment": 100,
        "enrollment": 10,
        "seatsAvailable": 90,
        "instructor": null,
        "email": "bdong@usf.edu",
        "campus": "Off-campus - Tampa"
    },
    {
        "subjectDescription": "ACG-Accounting: General",
        "courseTitle": "Accounting Concepts for Managers",
        "campusDescription": "Sarasota-Manatee",
        "scheduleTypeDescription": "Class Lecture",
        "creditHours": 3,
        "courseReferenceNumber": "87808",
        "days": "0000010",
        "start": "0830",
        "end": "1230",
        "building": "SMC",
        "room": "B229",
        "maximumEnrollment": 50,
        "enrollment": 1,
        "seatsAvailable": 49,
        "instructor": null,
        "email": "mdomino@usf.edu",
        "campus": "Sarasota-Manatee"
    },
    {
        "subjectDescription": "ACG-Accounting: General",
        "courseTitle": "Accounting Concepts for Managers",
        "campusDescription": "Tampa",
        "scheduleTypeDescription": "Class Lecture",
        "creditHours": 3,
        "courseReferenceNumber": "87159",
        "days": "1000000",
        "start": "1830",
        "end": "2030",
        "building": "BSN",
        "room": "111",
        "maximumEnrollment": 50,
        "enrollment": 4,
        "seatsAvailable": 46,
        "instructor": null,
        "email": "bdong@usf.edu",
        "campus": "Tampa"
    },
    {
        "subjectDescription": "ACG-Accounting: General",
        "courseTitle": "Data Wrangling &amp; Visualization for Accounting Professionals",
        "campusDescription": "Tampa",
        "scheduleTypeDescription": "Class Lecture",
        "creditHours": 3,
        "courseReferenceNumber": "93459",
        "days": "0010000",
        "start": "1400",
        "end": "1645",
        "building": "BSN",
        "room": "118",
        "maximumEnrollment": 30,
        "enrollment": 1,
        "seatsAvailable": 29,
        "instructor": null,
        "email": "yoki@usf.edu",
        "campus": "Tampa"
    },
    {
        "subjectDescription": "ACG-Accounting: General",
        "courseTitle": "Data Wrangling &amp; Visualization for Accounting Professionals",
        "campusDescription": "Tampa",
        "scheduleTypeDescription": "Class Lecture",
        "creditHours": 3,
        "courseReferenceNumber": "87160",
        "days": "0100000",
        "start": "1830",
        "end": "2115",
        "building": "BSN",
        "room": "118",
        "maximumEnrollment": 30,
        "enrollment": 1,
        "seatsAvailable": 29,
        "instructor": null,
        "email": "yoki@usf.edu",
        "campus": "Tampa"
    },
    {
        "subjectDescription": "ACG-Accounting: General",
        "courseTitle": "Accounting Systems Audit, Control &amp; Security",
        "campusDescription": "Off-campus - Tampa",
        "scheduleTypeDescription": "Other",
        "creditHours": 3,
        "courseReferenceNumber": "87161",
        "days": "0000000",
        "start": null,
        "end": null,
        "building": "OFFT",
        "room": "OFF",
        "maximumEnrollment": 25,
        "enrollment": 8,
        "seatsAvailable": 17,
        "instructor": null,
        "email": "kdemek@usf.edu",
        "campus": "Off-campus - Tampa"
    },
    {
        "subjectDescription": "ACG-Accounting: General",
        "courseTitle": "Accounting Systems Audit, Control &amp; Security",
        "campusDescription": "Off-campus - Tampa",
        "scheduleTypeDescription": "Other",
        "creditHours": 3,
        "courseReferenceNumber": "87162",
        "days": "0000000",
        "start": null,
        "end": null,
        "building": "OFFT",
        "room": "OFF",
        "maximumEnrollment": 25,
        "enrollment": 1,
        "seatsAvailable": 24,
        "instructor": null,
        "email": "kdemek@usf.edu",
        "campus": "Off-campus - Tampa"
    },
    {
        "subjectDescription": "ACG-Accounting: General",
        "courseTitle": "Contemporary Issues in Auditing",
        "campusDescription": "Tampa",
        "scheduleTypeDescription": "Discussion",
        "creditHours": 3,
        "courseReferenceNumber": "87397",
        "days": "0010000",
        "start": "1830",
        "end": "2115",
        "building": "BSN",
        "room": "115",
        "maximumEnrollment": 70,
        "enrollment": 7,
        "seatsAvailable": 63,
        "instructor": null,
        "email": "lgaynor@usf.edu",
        "campus": "Tampa"
    },
    {
        "subjectDescription": "ACG-Accounting: General",
        "courseTitle": "Forensic Accounting &amp; the Legal Environment",
        "campusDescription": "Off-campus - Tampa",
        "scheduleTypeDescription": "Other",
        "creditHours": 3,
        "courseReferenceNumber": "87405",
        "days": "0000000",
        "start": null,
        "end": null,
        "building": "OFFT",
        "room": "OFF",
        "maximumEnrollment": 25,
        "enrollment": 3,
        "seatsAvailable": 22,
        "instructor": null,
        "email": "kerrymyers@usf.edu",
        "campus": "Off-campus - Tampa"
    },
    {
        "subjectDescription": "ACG-Accounting: General",
        "courseTitle": "Forensic Accounting &amp; the Legal Environment",
        "campusDescription": "Off-campus - Tampa",
        "scheduleTypeDescription": "Other",
        "creditHours": 3,
        "courseReferenceNumber": "88210",
        "days": "0000000",
        "start": null,
        "end": null,
        "building": "OFFT",
        "room": "OFF",
        "maximumEnrollment": 25,
        "enrollment": 6,
        "seatsAvailable": 19,
        "instructor": null,
        "email": "kerrymyers@usf.edu",
        "campus": "Off-campus - Tampa"
    },
    {
        "subjectDescription": "ACG-Accounting: General",
        "courseTitle": "Innovation &amp; Analytics in Accounting",
        "campusDescription": "Tampa",
        "scheduleTypeDescription": "Class Lecture",
        "creditHours": 3,
        "courseReferenceNumber": "93633",
        "days": "0100000",
        "start": "1830",
        "end": "2115",
        "building": "BSN",
        "room": "230",
        "maximumEnrollment": 25,
        "enrollment": 15,
        "seatsAvailable": 10,
        "instructor": null,
        "email": "umurthy@usf.edu",
        "campus": "Tampa"
    },
    {
        "subjectDescription": "ACG-Accounting: General",
        "courseTitle": "Financial Reporting &amp; Professional Issues",
        "campusDescription": "Tampa",
        "scheduleTypeDescription": "Class Lecture",
        "creditHours": 3,
        "courseReferenceNumber": "93458",
        "days": "1000000",
        "start": "1400",
        "end": "1645",
        "building": "BSN",
        "room": "230",
        "maximumEnrollment": 30,
        "enrollment": 1,
        "seatsAvailable": 29,
        "instructor": null,
        "email": "dmrobinson@usf.edu",
        "campus": "Tampa"
    },
    {
        "subjectDescription": "ACG-Accounting: General",
        "courseTitle": "Financial Reporting &amp; Professional Issues",
        "campusDescription": "Tampa",
        "scheduleTypeDescription": "Class Lecture",
        "creditHours": 3,
        "courseReferenceNumber": "87413",
        "days": "1000000",
        "start": "1830",
        "end": "2115",
        "building": "BSN",
        "room": "1204",
        "maximumEnrollment": 30,
        "enrollment": 1,
        "seatsAvailable": 29,
        "instructor": null,
        "email": "dmrobinson@usf.edu",
        "campus": "Tampa"
    },
    {
        "subjectDescription": "ACG-Accounting: General",
        "courseTitle": "Seminar in Auditing",
        "campusDescription": "Tampa",
        "scheduleTypeDescription": "Discussion",
        "creditHours": 3,
        "courseReferenceNumber": "96949",
        "days": "0000000",
        "start": null,
        "end": null,
        "building": "TBAT",
        "room": "TBA",
        "maximumEnrollment": 5,
        "enrollment": 0,
        "seatsAvailable": 5,
        "instructor": null,
        "email": "lgaynor@usf.edu",
        "campus": "Tampa"
    },
    {
        "subjectDescription": "ACG-Accounting: General",
        "courseTitle": "Dissertation in Accounting",
        "campusDescription": "Tampa",
        "scheduleTypeDescription": "Graduate Dissertation",
        "creditHours": 8,
        "courseReferenceNumber": "87841",
        "days": "0000000",
        "start": null,
        "end": null,
        "building": "TBAT",
        "room": "TBA",
        "maximumEnrollment": 0,
        "enrollment": 0,
        "seatsAvailable": 0,
        "instructor": null,
        "email": null,
        "campus": "Tampa"
    },
    {
        "subjectDescription": "ACG-Accounting: General",
        "courseTitle": "Dissertation in Accounting",
        "campusDescription": "Off-campus - Tampa",
        "scheduleTypeDescription": "Graduate Dissertation",
        "creditHours": 6,
        "courseReferenceNumber": "87853",
        "days": "0000000",
        "start": null,
        "end": null,
        "building": "OFFT",
        "room": "OFF",
        "maximumEnrollment": 0,
        "enrollment": 0,
        "seatsAvailable": 0,
        "instructor": null,
        "email": null,
        "campus": "Off-campus - Tampa"
    },
    {
        "subjectDescription": "ACG-Accounting: General",
        "courseTitle": "Dissertation in Accounting",
        "campusDescription": "Off-campus - Tampa",
        "scheduleTypeDescription": "Graduate Dissertation",
        "creditHours": 2,
        "courseReferenceNumber": "96445",
        "days": "0000000",
        "start": null,
        "end": null,
        "building": "OFFT",
        "room": "OFF",
        "maximumEnrollment": 0,
        "enrollment": 0,
        "seatsAvailable": 0,
        "instructor": null,
        "email": null,
        "campus": "Off-campus - Tampa"
    }
]