[
    {
        "subjectDescription": "ADE-Adult Education",
        "courseTitle": "Human Resource Development",
        "campusDescription": "Tampa",
        "scheduleTypeDescription": "Discussion",
        "creditHours": null,
        "courseReferenceNumber": "89424",
        "days": "0000010",
        "start": "0900",
        "end": "1300",
        "building": "TBAT",
        "room": "TBA",
        "maximumEnrollment": 25,
        "enrollment": 0,
        "seatsAvailable": 25,
        "instructor": null,
        "email": "wjames@usf.edu",
        "campus": "Tampa"
    },
    {
        "subjectDescription": "ADE-Adult Education",
        "courseTitle": "The Adult Learner",
        "campusDescription": "Off-campus - Tampa",
        "scheduleTypeDescription": "Class Lecture",
        "creditHours": null,
        "courseReferenceNumber": "89372",
        "days": "0000000",
        "start": null,
        "end": null,
        "building": "OFFT",
        "room": "OFF",
        "maximumEnrollment": 25,
        "enrollment": 1,
        "seatsAvailable": 24,
        "instructor": null,
        "email": "wjames@usf.edu",
        "campus": "Off-campus - Tampa"
    }
]