[
    {
        "subjectDescription": "ADV-Advertising",
        "courseTitle": "Mass Communications Design &amp; Content Creation",
        "campusDescription": "Off-campus - Tampa",
        "scheduleTypeDescription": "Class Lecture",
        "creditHours": 3,
        "courseReferenceNumber": "90306",
        "days": "0000000",
        "start": null,
        "end": null,
        "building": "OFFT",
        "room": "OFF",
        "maximumEnrollment": 100,
        "enrollment": 20,
        "seatsAvailable": 80,
        "instructor": null,
        "email": "ccomple@usf.edu",
        "campus": "Off-campus - Tampa"
    },
    {
        "subjectDescription": "ADV-Advertising",
        "courseTitle": "Principles of Advertising",
        "campusDescription": "Tampa",
        "scheduleTypeDescription": "Class Lecture",
        "creditHours": 3,
        "courseReferenceNumber": "90311",
        "days": "0101000",
        "start": "1400",
        "end": "1515",
        "building": "BEH",
        "room": "103",
        "maximumEnrollment": 150,
        "enrollment": 25,
        "seatsAvailable": 125,
        "instructor": null,
        "email": "applequist@usf.edu",
        "campus": "Tampa"
    },
    {
        "subjectDescription": "ADV-Advertising",
        "courseTitle": "Advertising Creativity",
        "campusDescription": "Tampa",
        "scheduleTypeDescription": "Class Lecture",
        "creditHours": 3,
        "courseReferenceNumber": "90998",
        "days": "1010000",
        "start": "1100",
        "end": "1215",
        "building": "CIS",
        "room": "1046",
        "maximumEnrollment": 46,
        "enrollment": 2,
        "seatsAvailable": 44,
        "instructor": null,
        "email": "ccomple@usf.edu",
        "campus": "Tampa"
    },
    {
        "subjectDescription": "ADV-Advertising",
        "courseTitle": "Advertising Creativity",
        "campusDescription": "Tampa",
        "scheduleTypeDescription": "Class Lecture",
        "creditHours": 3,
        "courseReferenceNumber": "91000",
        "days": "1010000",
        "start": "1400",
        "end": "1515",
        "building": "CIS",
        "room": "3064",
        "maximumEnrollment": 40,
        "enrollment": 12,
        "seatsAvailable": 28,
        "instructor": null,
        "email": "ccomple@usf.edu",
        "campus": "Tampa"
    },
    {
        "subjectDescription": "ADV-Advertising",
        "courseTitle": "Advertising Creativity",
        "campusDescription": "Tampa",
        "scheduleTypeDescription": "Class Lecture",
        "creditHours": 3,
        "courseReferenceNumber": "95055",
        "days": "0101000",
        "start": "1100",
        "end": "1215",
        "building": "CPR",
        "room": "118",
        "maximumEnrollment": 34,
        "enrollment": 9,
        "seatsAvailable": 25,
        "instructor": null,
        "email": "ccomple@usf.edu",
        "campus": "Tampa"
    },
    {
        "subjectDescription": "ADV-Advertising",
        "courseTitle": "Media Planning for Advertising",
        "campusDescription": "Tampa",
        "scheduleTypeDescription": "Class Lecture",
        "creditHours": 3,
        "courseReferenceNumber": "91002",
        "days": "1010000",
        "start": "1100",
        "end": "1215",
        "building": "CIS",
        "room": "2084",
        "maximumEnrollment": 35,
        "enrollment": 19,
        "seatsAvailable": 16,
        "instructor": null,
        "email": "cnoland@usf.edu",
        "campus": "Tampa"
    },
    {
        "subjectDescription": "ADV-Advertising",
        "courseTitle": "Media Planning for Advertising",
        "campusDescription": "Tampa",
        "scheduleTypeDescription": "Class Lecture",
        "creditHours": 3,
        "courseReferenceNumber": "91004",
        "days": "0001000",
        "start": "1700",
        "end": "1945",
        "building": "BSN",
        "room": "1403",
        "maximumEnrollment": 35,
        "enrollment": 1,
        "seatsAvailable": 34,
        "instructor": null,
        "email": null,
        "campus": "Tampa"
    },
    {
        "subjectDescription": "ADV-Advertising",
        "courseTitle": "Media Planning for Advertising",
        "campusDescription": "Tampa",
        "scheduleTypeDescription": "Class Lecture",
        "creditHours": 3,
        "courseReferenceNumber": "91701",
        "days": "0001000",
        "start": "1400",
        "end": "1645",
        "building": "CIS",
        "room": "1046",
        "maximumEnrollment": 34,
        "enrollment": 7,
        "seatsAvailable": 27,
        "instructor": null,
        "email": null,
        "campus": "Tampa"
    },
    {
        "subjectDescription": "ADV-Advertising",
        "courseTitle": "Digital Media",
        "campusDescription": "Tampa",
        "scheduleTypeDescription": "Class Lecture",
        "creditHours": 3,
        "courseReferenceNumber": "91010",
        "days": "0100000",
        "start": "1700",
        "end": "1945",
        "building": "CIS",
        "room": "1046",
        "maximumEnrollment": 30,
        "enrollment": 12,
        "seatsAvailable": 18,
        "instructor": null,
        "email": null,
        "campus": "Tampa"
    },
    {
        "subjectDescription": "ADV-Advertising",
        "courseTitle": "Advertising Management",
        "campusDescription": "Tampa",
        "scheduleTypeDescription": "Class Lecture",
        "creditHours": 3,
        "courseReferenceNumber": "91013",
        "days": "0001000",
        "start": "1700",
        "end": "1945",
        "building": "CIS",
        "room": "1046",
        "maximumEnrollment": 46,
        "enrollment": 10,
        "seatsAvailable": 36,
        "instructor": null,
        "email": null,
        "campus": "Tampa"
    },
    {
        "subjectDescription": "ADV-Advertising",
        "courseTitle": "Advertising Proseminar",
        "campusDescription": "Tampa",
        "scheduleTypeDescription": "Class Lecture",
        "creditHours": 3,
        "courseReferenceNumber": "95057",
        "days": "0100000",
        "start": "1700",
        "end": "1945",
        "building": "CIS",
        "room": "1023",
        "maximumEnrollment": 15,
        "enrollment": 4,
        "seatsAvailable": 11,
        "instructor": null,
        "email": "applequist@usf.edu",
        "campus": "Tampa"
    },
    {
        "subjectDescription": "ADV-Advertising",
        "courseTitle": "Advertising Media Strategy",
        "campusDescription": "Tampa",
        "scheduleTypeDescription": "Class Lecture",
        "creditHours": 3,
        "courseReferenceNumber": "91763",
        "days": "1000000",
        "start": "1700",
        "end": "1945",
        "building": "CPR",
        "room": "346",
        "maximumEnrollment": 12,
        "enrollment": 6,
        "seatsAvailable": 6,
        "instructor": null,
        "email": "cnoland@usf.edu",
        "campus": "Tampa"
    }
]