[
    {
        "subjectDescription": "AFA-Afro-American Studies",
        "courseTitle": "Introduction to the Black Experience",
        "campusDescription": "Tampa",
        "scheduleTypeDescription": "Class Lecture",
        "creditHours": null,
        "courseReferenceNumber": "93100",
        "days": "1010000",
        "start": "0930",
        "end": "1045",
        "building": "CIS",
        "room": "1016",
        "maximumEnrollment": 47,
        "enrollment": 6,
        "seatsAvailable": 41,
        "instructor": null,
        "email": "ksimeon@usf.edu",
        "campus": "Tampa"
    },
    {
        "subjectDescription": "AFA-Afro-American Studies",
        "courseTitle": "Sel Top: Black Women Writers",
        "campusDescription": "Tampa",
        "scheduleTypeDescription": "Class Lecture",
        "creditHours": 3,
        "courseReferenceNumber": "88607",
        "days": "1010000",
        "start": "1100",
        "end": "1215",
        "building": "CIS",
        "room": "1016",
        "maximumEnrollment": 47,
        "enrollment": 2,
        "seatsAvailable": 45,
        "instructor": null,
        "email": "ksimeon@usf.edu",
        "campus": "Tampa"
    },
    {
        "subjectDescription": "AFA-Afro-American Studies",
        "courseTitle": "Internship in Africana Studies",
        "campusDescription": "Tampa",
        "scheduleTypeDescription": "Internship",
        "creditHours": 6,
        "courseReferenceNumber": "97514",
        "days": "0000000",
        "start": null,
        "end": null,
        "building": "TBAT",
        "room": "TBA",
        "maximumEnrollment": 15,
        "enrollment": 0,
        "seatsAvailable": 15,
        "instructor": null,
        "email": "lahey@usf.edu",
        "campus": "Tampa"
    },
    {
        "subjectDescription": "AFA-Afro-American Studies",
        "courseTitle": "Seminar on Genocide &amp; Human Rights",
        "campusDescription": "Tampa",
        "scheduleTypeDescription": "Discussion",
        "creditHours": null,
        "courseReferenceNumber": "94418",
        "days": "0010000",
        "start": "1700",
        "end": "1945",
        "building": "FAO",
        "room": "296",
        "maximumEnrollment": 15,
        "enrollment": 2,
        "seatsAvailable": 13,
        "instructor": null,
        "email": "ekissi@usf.edu",
        "campus": "Tampa"
    }
]