[
    {
        "subjectDescription": "AFH-African History",
        "courseTitle": "African History to 1850",
        "campusDescription": "Tampa",
        "scheduleTypeDescription": "Class Lecture",
        "creditHours": null,
        "courseReferenceNumber": "88409",
        "days": "0101000",
        "start": "1100",
        "end": "1215",
        "building": "SOC",
        "room": "159",
        "maximumEnrollment": 47,
        "enrollment": 1,
        "seatsAvailable": 46,
        "instructor": null,
        "email": "ekissi@usf.edu",
        "campus": "Tampa"
    }
]