[
    {
        "subjectDescription": "AFR-Aerospace Studies",
        "courseTitle": "Department of the Air Force&rsquo;s Professionalism",
        "campusDescription": "Tampa",
        "scheduleTypeDescription": "Class Lecture",
        "creditHours": 1,
        "courseReferenceNumber": "91534",
        "days": "0001000",
        "start": "1000",
        "end": "1050",
        "building": "CWY",
        "room": "206",
        "maximumEnrollment": 50,
        "enrollment": 0,
        "seatsAvailable": 50,
        "instructor": null,
        "email": "cgalliand@usf.edu",
        "campus": "Tampa"
    },
    {
        "subjectDescription": "AFR-Aerospace Studies",
        "courseTitle": "Department of the Air Force&rsquo;s Professionalism",
        "campusDescription": "Tampa",
        "scheduleTypeDescription": "Class Lecture",
        "creditHours": 1,
        "courseReferenceNumber": "91535",
        "days": "0100000",
        "start": "0800",
        "end": "0850",
        "building": "CWY",
        "room": "206",
        "maximumEnrollment": 70,
        "enrollment": 4,
        "seatsAvailable": 66,
        "instructor": null,
        "email": "cgalliand@usf.edu",
        "campus": "Tampa"
    },
    {
        "subjectDescription": "AFR-Aerospace Studies",
        "courseTitle": "Air Force ROTC Leadership Laboratory",
        "campusDescription": "Tampa",
        "scheduleTypeDescription": "Laboratory",
        "creditHours": 0,
        "courseReferenceNumber": "91537",
        "days": "0001000",
        "start": "0800",
        "end": "0950",
        "building": "CWY",
        "room": "206D",
        "maximumEnrollment": 200,
        "enrollment": 30,
        "seatsAvailable": 170,
        "instructor": null,
        "email": "charlesbyronwilson@usf.edu",
        "campus": "Tampa"
    },
    {
        "subjectDescription": "AFR-Aerospace Studies",
        "courseTitle": "Evolution of USAF Air &amp; Space Power, Part I",
        "campusDescription": "Tampa",
        "scheduleTypeDescription": "Class Lecture",
        "creditHours": 1,
        "courseReferenceNumber": "91538",
        "days": "0100000",
        "start": "0900",
        "end": "0950",
        "building": "CWY",
        "room": "206",
        "maximumEnrollment": 60,
        "enrollment": 4,
        "seatsAvailable": 56,
        "instructor": null,
        "email": "charlesbyronwilson@usf.edu",
        "campus": "Tampa"
    },
    {
        "subjectDescription": "AFR-Aerospace Studies",
        "courseTitle": "Evolution of USAF Air &amp; Space Power, Part I",
        "campusDescription": "Tampa",
        "scheduleTypeDescription": "Class Lecture",
        "creditHours": 1,
        "courseReferenceNumber": "91539",
        "days": "0001000",
        "start": "1100",
        "end": "1150",
        "building": "CWY",
        "room": "206",
        "maximumEnrollment": 35,
        "enrollment": 9,
        "seatsAvailable": 26,
        "instructor": null,
        "email": "charlesbyronwilson@usf.edu",
        "campus": "Tampa"
    },
    {
        "subjectDescription": "AFR-Aerospace Studies",
        "courseTitle": "Air Force Management &amp; Leadership I",
        "campusDescription": "Tampa",
        "scheduleTypeDescription": "Class Lecture",
        "creditHours": 3,
        "courseReferenceNumber": "91540",
        "days": "0100000",
        "start": "0800",
        "end": "1050",
        "building": "CWY",
        "room": "206A",
        "maximumEnrollment": 35,
        "enrollment": 6,
        "seatsAvailable": 29,
        "instructor": null,
        "email": "keelingm@usf.edu",
        "campus": "Tampa"
    },
    {
        "subjectDescription": "AFR-Aerospace Studies",
        "courseTitle": "National Security Affairs &amp; Preparation for Active Duty I",
        "campusDescription": "Tampa",
        "scheduleTypeDescription": "Class Lecture",
        "creditHours": 3,
        "courseReferenceNumber": "91541",
        "days": "0100000",
        "start": "0800",
        "end": "1045",
        "building": "CWY",
        "room": "206E",
        "maximumEnrollment": 30,
        "enrollment": 10,
        "seatsAvailable": 20,
        "instructor": null,
        "email": "bscheutzow@usf.edu",
        "campus": "Tampa"
    }
]