[
    {
        "subjectDescription": "AMH-American History",
        "courseTitle": "American History I",
        "campusDescription": "Tampa",
        "scheduleTypeDescription": "Class Lecture",
        "creditHours": null,
        "courseReferenceNumber": "94573",
        "days": "1010000",
        "start": "0930",
        "end": "1045",
        "building": "EDU",
        "room": "258",
        "maximumEnrollment": 45,
        "enrollment": 7,
        "seatsAvailable": 38,
        "instructor": null,
        "email": "vickers1@usf.edu",
        "campus": "Tampa"
    },
    {
        "subjectDescription": "AMH-American History",
        "courseTitle": "American History I",
        "campusDescription": "Tampa",
        "scheduleTypeDescription": "Class Lecture",
        "creditHours": null,
        "courseReferenceNumber": "96551",
        "days": "1010000",
        "start": "1100",
        "end": "1215",
        "building": "TBAT",
        "room": "TBA",
        "maximumEnrollment": 45,
        "enrollment": 23,
        "seatsAvailable": 22,
        "instructor": null,
        "email": "vickers1@usf.edu",
        "campus": "Tampa"
    },
    {
        "subjectDescription": "AMH-American History",
        "courseTitle": "American History I",
        "campusDescription": "Tampa",
        "scheduleTypeDescription": "Class Lecture",
        "creditHours": null,
        "courseReferenceNumber": "96552",
        "days": "0101000",
        "start": "0930",
        "end": "1045",
        "building": "TBAT",
        "room": "TBA",
        "maximumEnrollment": 45,
        "enrollment": 12,
        "seatsAvailable": 33,
        "instructor": null,
        "email": "vickers1@usf.edu",
        "campus": "Tampa"
    },
    {
        "subjectDescription": "AMH-American History",
        "courseTitle": "American History I",
        "campusDescription": "Tampa",
        "scheduleTypeDescription": "Class Lecture",
        "creditHours": null,
        "courseReferenceNumber": "96553",
        "days": "0101000",
        "start": "1100",
        "end": "1215",
        "building": "TBAT",
        "room": "TBA",
        "maximumEnrollment": 45,
        "enrollment": 14,
        "seatsAvailable": 31,
        "instructor": null,
        "email": "vickers1@usf.edu",
        "campus": "Tampa"
    },
    {
        "subjectDescription": "AMH-American History",
        "courseTitle": "American History I",
        "campusDescription": "Tampa",
        "scheduleTypeDescription": "Class Lecture",
        "creditHours": null,
        "courseReferenceNumber": "96554",
        "days": "1010000",
        "start": "0930",
        "end": "1045",
        "building": null,
        "room": null,
        "maximumEnrollment": 90,
        "enrollment": 1,
        "seatsAvailable": 89,
        "instructor": null,
        "email": null,
        "campus": "Tampa"
    },
    {
        "subjectDescription": "AMH-American History",
        "courseTitle": "American History I",
        "campusDescription": "Off-campus - Sarasota-Manatee",
        "scheduleTypeDescription": "Class Lecture",
        "creditHours": null,
        "courseReferenceNumber": "88522",
        "days": "0000000",
        "start": "0730",
        "end": "0820",
        "building": "OFFS",
        "room": "OFF",
        "maximumEnrollment": 30,
        "enrollment": 0,
        "seatsAvailable": 30,
        "instructor": null,
        "email": "depatie@usf.edu",
        "campus": "Off-campus - Sarasota-Manatee"
    },
    {
        "subjectDescription": "AMH-American History",
        "courseTitle": "American History I",
        "campusDescription": "Off-campus - Sarasota-Manatee",
        "scheduleTypeDescription": "Class Lecture",
        "creditHours": null,
        "courseReferenceNumber": "88649",
        "days": "1111100",
        "start": "1244",
        "end": "1332",
        "building": "OFFS",
        "room": "OFF",
        "maximumEnrollment": 30,
        "enrollment": 0,
        "seatsAvailable": 30,
        "instructor": null,
        "email": "honsat@usf.edu",
        "campus": "Off-campus - Sarasota-Manatee"
    },
    {
        "subjectDescription": "AMH-American History",
        "courseTitle": "American History I",
        "campusDescription": "Off-campus - Sarasota-Manatee",
        "scheduleTypeDescription": "Class Lecture",
        "creditHours": null,
        "courseReferenceNumber": "88653",
        "days": "1111100",
        "start": null,
        "end": null,
        "building": "OFFS",
        "room": "OFF",
        "maximumEnrollment": 30,
        "enrollment": 0,
        "seatsAvailable": 30,
        "instructor": null,
        "email": "jscheidts@usf.edu",
        "campus": "Off-campus - Sarasota-Manatee"
    },
    {
        "subjectDescription": "AMH-American History",
        "courseTitle": "American History I",
        "campusDescription": "Off-campus - Sarasota-Manatee",
        "scheduleTypeDescription": "Class Lecture",
        "creditHours": null,
        "courseReferenceNumber": "95136",
        "days": "0000000",
        "start": null,
        "end": null,
        "building": "OFFS",
        "room": "OFF",
        "maximumEnrollment": 30,
        "enrollment": 0,
        "seatsAvailable": 30,
        "instructor": null,
        "email": "depatie@usf.edu",
        "campus": "Off-campus - Sarasota-Manatee"
    },
    {
        "subjectDescription": "AMH-American History",
        "courseTitle": "American History I",
        "campusDescription": "Off-campus - Sarasota-Manatee",
        "scheduleTypeDescription": "Class Lecture",
        "creditHours": null,
        "courseReferenceNumber": "96149",
        "days": "1111100",
        "start": "0920",
        "end": "1010",
        "building": "OFFS",
        "room": "OFF",
        "maximumEnrollment": 30,
        "enrollment": 0,
        "seatsAvailable": 30,
        "instructor": null,
        "email": "honsat@usf.edu",
        "campus": "Off-campus - Sarasota-Manatee"
    },
    {
        "subjectDescription": "AMH-American History",
        "courseTitle": "American History I",
        "campusDescription": "Off-campus - Sarasota-Manatee",
        "scheduleTypeDescription": "Class Lecture",
        "creditHours": null,
        "courseReferenceNumber": "97506",
        "days": "0000000",
        "start": null,
        "end": null,
        "building": "OFFS",
        "room": "OFF",
        "maximumEnrollment": 25,
        "enrollment": 0,
        "seatsAvailable": 25,
        "instructor": null,
        "email": "gwgraham1@usf.edu",
        "campus": "Off-campus - Sarasota-Manatee"
    },
    {
        "subjectDescription": "AMH-American History",
        "courseTitle": "American History I",
        "campusDescription": "St. Petersburg",
        "scheduleTypeDescription": "Class Lecture",
        "creditHours": null,
        "courseReferenceNumber": "96570",
        "days": "0101000",
        "start": "1400",
        "end": "1515",
        "building": "LPH",
        "room": "214",
        "maximumEnrollment": 39,
        "enrollment": 3,
        "seatsAvailable": 36,
        "instructor": null,
        "email": "emauldin@usf.edu",
        "campus": "St. Petersburg"
    },
    {
        "subjectDescription": "AMH-American History",
        "courseTitle": "American History II",
        "campusDescription": "Tampa",
        "scheduleTypeDescription": "Class Lecture",
        "creditHours": null,
        "courseReferenceNumber": "86555",
        "days": "0101000",
        "start": "1530",
        "end": "1645",
        "building": "CWY",
        "room": "109",
        "maximumEnrollment": 90,
        "enrollment": 5,
        "seatsAvailable": 85,
        "instructor": null,
        "email": null,
        "campus": "Tampa"
    },
    {
        "subjectDescription": "AMH-American History",
        "courseTitle": "American History II",
        "campusDescription": "Tampa",
        "scheduleTypeDescription": "Class Lecture",
        "creditHours": null,
        "courseReferenceNumber": "93522",
        "days": "1010000",
        "start": "1230",
        "end": "1345",
        "building": "BSN",
        "room": "1101",
        "maximumEnrollment": 45,
        "enrollment": 3,
        "seatsAvailable": 42,
        "instructor": null,
        "email": null,
        "campus": "Tampa"
    },
    {
        "subjectDescription": "AMH-American History",
        "courseTitle": "American History II",
        "campusDescription": "Tampa",
        "scheduleTypeDescription": "Class Lecture",
        "creditHours": null,
        "courseReferenceNumber": "93609",
        "days": "1010000",
        "start": "1400",
        "end": "1515",
        "building": "BSN",
        "room": "2305",
        "maximumEnrollment": 45,
        "enrollment": 3,
        "seatsAvailable": 42,
        "instructor": null,
        "email": null,
        "campus": "Tampa"
    },
    {
        "subjectDescription": "AMH-American History",
        "courseTitle": "American History II",
        "campusDescription": "Tampa",
        "scheduleTypeDescription": "Class Lecture",
        "creditHours": null,
        "courseReferenceNumber": "94580",
        "days": "0101000",
        "start": "1100",
        "end": "1215",
        "building": "CIS",
        "room": "2084",
        "maximumEnrollment": 45,
        "enrollment": 3,
        "seatsAvailable": 42,
        "instructor": null,
        "email": null,
        "campus": "Tampa"
    },
    {
        "subjectDescription": "AMH-American History",
        "courseTitle": "American History II",
        "campusDescription": "Tampa",
        "scheduleTypeDescription": "Class Lecture",
        "creditHours": null,
        "courseReferenceNumber": "94581",
        "days": "1010000",
        "start": "0930",
        "end": "1045",
        "building": "BSN",
        "room": "2303",
        "maximumEnrollment": 45,
        "enrollment": 0,
        "seatsAvailable": 45,
        "instructor": null,
        "email": null,
        "campus": "Tampa"
    },
    {
        "subjectDescription": "AMH-American History",
        "courseTitle": "American History II",
        "campusDescription": "Tampa",
        "scheduleTypeDescription": "Class Lecture",
        "creditHours": null,
        "courseReferenceNumber": "94582",
        "days": "1010000",
        "start": "1100",
        "end": "1215",
        "building": "BSN",
        "room": "2304",
        "maximumEnrollment": 45,
        "enrollment": 4,
        "seatsAvailable": 41,
        "instructor": null,
        "email": null,
        "campus": "Tampa"
    },
    {
        "subjectDescription": "AMH-American History",
        "courseTitle": "American History II",
        "campusDescription": "Tampa",
        "scheduleTypeDescription": "Class Lecture",
        "creditHours": null,
        "courseReferenceNumber": "94588",
        "days": "1010000",
        "start": "1400",
        "end": "1515",
        "building": "BSN",
        "room": "2300",
        "maximumEnrollment": 45,
        "enrollment": 1,
        "seatsAvailable": 44,
        "instructor": null,
        "email": null,
        "campus": "Tampa"
    },
    {
        "subjectDescription": "AMH-American History",
        "courseTitle": "American History II",
        "campusDescription": "Tampa",
        "scheduleTypeDescription": "Class Lecture",
        "creditHours": null,
        "courseReferenceNumber": "94590",
        "days": "0101000",
        "start": "1230",
        "end": "1345",
        "building": "SOC",
        "room": "159",
        "maximumEnrollment": 45,
        "enrollment": 2,
        "seatsAvailable": 43,
        "instructor": null,
        "email": null,
        "campus": "Tampa"
    },
    {
        "subjectDescription": "AMH-American History",
        "courseTitle": "American History II",
        "campusDescription": "St. Petersburg",
        "scheduleTypeDescription": "Class Lecture",
        "creditHours": null,
        "courseReferenceNumber": "89758",
        "days": "0101000",
        "start": "1100",
        "end": "1215",
        "building": "LPH",
        "room": "214",
        "maximumEnrollment": 39,
        "enrollment": 2,
        "seatsAvailable": 37,
        "instructor": null,
        "email": "markhauser@usf.edu",
        "campus": "St. Petersburg"
    },
    {
        "subjectDescription": "AMH-American History",
        "courseTitle": "American History II",
        "campusDescription": "St. Petersburg",
        "scheduleTypeDescription": "Class Lecture",
        "creditHours": null,
        "courseReferenceNumber": "89759",
        "days": "1010000",
        "start": "1230",
        "end": "1345",
        "building": "DAV",
        "room": "102",
        "maximumEnrollment": 39,
        "enrollment": 2,
        "seatsAvailable": 37,
        "instructor": null,
        "email": "markhauser@usf.edu",
        "campus": "St. Petersburg"
    },
    {
        "subjectDescription": "AMH-American History",
        "courseTitle": "American History II",
        "campusDescription": "Off-campus - Tampa",
        "scheduleTypeDescription": "Class Lecture",
        "creditHours": null,
        "courseReferenceNumber": "86568",
        "days": "0000000",
        "start": null,
        "end": null,
        "building": "OFFT",
        "room": "OFF",
        "maximumEnrollment": 45,
        "enrollment": 24,
        "seatsAvailable": 21,
        "instructor": null,
        "email": null,
        "campus": "Off-campus - Tampa"
    },
    {
        "subjectDescription": "AMH-American History",
        "courseTitle": "American History II",
        "campusDescription": "Off-campus - Tampa",
        "scheduleTypeDescription": "Class Lecture",
        "creditHours": null,
        "courseReferenceNumber": "93461",
        "days": "0000000",
        "start": null,
        "end": null,
        "building": "OFFT",
        "room": "OFF",
        "maximumEnrollment": 45,
        "enrollment": 2,
        "seatsAvailable": 43,
        "instructor": null,
        "email": null,
        "campus": "Off-campus - Tampa"
    },
    {
        "subjectDescription": "AMH-American History",
        "courseTitle": "American History II",
        "campusDescription": "Off-campus - Tampa",
        "scheduleTypeDescription": "Class Lecture",
        "creditHours": null,
        "courseReferenceNumber": "94592",
        "days": "0000000",
        "start": null,
        "end": null,
        "building": "OFFT",
        "room": "OFF",
        "maximumEnrollment": 45,
        "enrollment": 1,
        "seatsAvailable": 44,
        "instructor": null,
        "email": null,
        "campus": "Off-campus - Tampa"
    },
    {
        "subjectDescription": "AMH-American History",
        "courseTitle": "American History II",
        "campusDescription": "Off-campus - Tampa",
        "scheduleTypeDescription": "Class Lecture",
        "creditHours": null,
        "courseReferenceNumber": "94593",
        "days": "0000000",
        "start": null,
        "end": null,
        "building": "OFFT",
        "room": "OFF",
        "maximumEnrollment": 45,
        "enrollment": 4,
        "seatsAvailable": 41,
        "instructor": null,
        "email": null,
        "campus": "Off-campus - Tampa"
    },
    {
        "subjectDescription": "AMH-American History",
        "courseTitle": "American History II",
        "campusDescription": "Off-campus - Tampa",
        "scheduleTypeDescription": "Class Lecture",
        "creditHours": null,
        "courseReferenceNumber": "94594",
        "days": "0000000",
        "start": null,
        "end": null,
        "building": "OFFT",
        "room": "OFF",
        "maximumEnrollment": 45,
        "enrollment": 3,
        "seatsAvailable": 42,
        "instructor": null,
        "email": null,
        "campus": "Off-campus - Tampa"
    },
    {
        "subjectDescription": "AMH-American History",
        "courseTitle": "American History II",
        "campusDescription": "Tampa",
        "scheduleTypeDescription": "Class Lecture",
        "creditHours": null,
        "courseReferenceNumber": "86553",
        "days": "1000000",
        "start": "1700",
        "end": "1945",
        "building": "BEH",
        "room": "104",
        "maximumEnrollment": 90,
        "enrollment": 0,
        "seatsAvailable": 90,
        "instructor": null,
        "email": "ottanelli@usf.edu",
        "campus": "Tampa"
    },
    {
        "subjectDescription": "AMH-American History",
        "courseTitle": "Segregation in the United States",
        "campusDescription": "Tampa",
        "scheduleTypeDescription": "Class Lecture",
        "creditHours": null,
        "courseReferenceNumber": "96576",
        "days": "1010000",
        "start": "1400",
        "end": "1515",
        "building": "SOC",
        "room": "128",
        "maximumEnrollment": 47,
        "enrollment": 3,
        "seatsAvailable": 44,
        "instructor": null,
        "email": "dponton@usf.edu",
        "campus": "Tampa"
    },
    {
        "subjectDescription": "AMH-American History",
        "courseTitle": "The American Revolutionary Era",
        "campusDescription": "St. Petersburg",
        "scheduleTypeDescription": "Class Lecture",
        "creditHours": null,
        "courseReferenceNumber": "96571",
        "days": "0101000",
        "start": "1230",
        "end": "1345",
        "building": "DAV",
        "room": "259",
        "maximumEnrollment": 30,
        "enrollment": 5,
        "seatsAvailable": 25,
        "instructor": null,
        "email": "emauldin@usf.edu",
        "campus": "St. Petersburg"
    },
    {
        "subjectDescription": "AMH-American History",
        "courseTitle": "The Age of Jefferson",
        "campusDescription": "Sarasota-Manatee",
        "scheduleTypeDescription": "Class Lecture",
        "creditHours": null,
        "courseReferenceNumber": "97510",
        "days": "0101000",
        "start": "1230",
        "end": "1345",
        "building": "SMC",
        "room": "B206",
        "maximumEnrollment": 23,
        "enrollment": 4,
        "seatsAvailable": 19,
        "instructor": null,
        "email": "cyacovazzi@usf.edu",
        "campus": "Sarasota-Manatee"
    },
    {
        "subjectDescription": "AMH-American History",
        "courseTitle": "The United States, 1877-1914",
        "campusDescription": "Sarasota-Manatee",
        "scheduleTypeDescription": "Class Lecture",
        "creditHours": null,
        "courseReferenceNumber": "97478",
        "days": "0101000",
        "start": "0930",
        "end": "1045",
        "building": "SMC",
        "room": "A217",
        "maximumEnrollment": 23,
        "enrollment": 2,
        "seatsAvailable": 21,
        "instructor": null,
        "email": "cyacovazzi@usf.edu",
        "campus": "Sarasota-Manatee"
    },
    {
        "subjectDescription": "AMH-American History",
        "courseTitle": "Early Florida",
        "campusDescription": "Tampa",
        "scheduleTypeDescription": "Class Lecture",
        "creditHours": null,
        "courseReferenceNumber": "86565",
        "days": "0101000",
        "start": "0930",
        "end": "1045",
        "building": "BSN",
        "room": "2304",
        "maximumEnrollment": 45,
        "enrollment": 16,
        "seatsAvailable": 29,
        "instructor": null,
        "email": "rbyington@usf.edu",
        "campus": "Tampa"
    },
    {
        "subjectDescription": "AMH-American History",
        "courseTitle": "Modern Florida",
        "campusDescription": "Tampa",
        "scheduleTypeDescription": "Class Lecture",
        "creditHours": null,
        "courseReferenceNumber": "96562",
        "days": "0101000",
        "start": "1100",
        "end": "1215",
        "building": "TBAT",
        "room": "TBA",
        "maximumEnrollment": 45,
        "enrollment": 12,
        "seatsAvailable": 33,
        "instructor": null,
        "email": "rbyington@usf.edu",
        "campus": "Tampa"
    },
    {
        "subjectDescription": "AMH-American History",
        "courseTitle": "United States Foreign Relations",
        "campusDescription": "Tampa",
        "scheduleTypeDescription": "Class Lecture",
        "creditHours": null,
        "courseReferenceNumber": "96563",
        "days": "1010000",
        "start": "1100",
        "end": "1215",
        "building": "TBAT",
        "room": "TBA",
        "maximumEnrollment": 45,
        "enrollment": 17,
        "seatsAvailable": 28,
        "instructor": null,
        "email": "burke3@usf.edu",
        "campus": "Tampa"
    }
]