[
    {
        "subjectDescription": "AML-American Literature",
        "courseTitle": "American Literature from the Beginning to 1860",
        "campusDescription": "Sarasota-Manatee",
        "scheduleTypeDescription": "Class Lecture",
        "creditHours": null,
        "courseReferenceNumber": "96494",
        "days": "0100000",
        "start": "1400",
        "end": "1645",
        "building": "SMC",
        "room": "A203B",
        "maximumEnrollment": 20,
        "enrollment": 2,
        "seatsAvailable": 18,
        "instructor": null,
        "email": "vlipscom@usf.edu",
        "campus": "Sarasota-Manatee"
    },
    {
        "subjectDescription": "AML-American Literature",
        "courseTitle": "American Literature from 1912-1945",
        "campusDescription": "St. Petersburg",
        "scheduleTypeDescription": "Class Lecture",
        "creditHours": null,
        "courseReferenceNumber": "89578",
        "days": "0001000",
        "start": "1100",
        "end": "1345",
        "building": null,
        "room": null,
        "maximumEnrollment": 35,
        "enrollment": 1,
        "seatsAvailable": 34,
        "instructor": null,
        "email": "jba@usf.edu",
        "campus": "St. Petersburg"
    },
    {
        "subjectDescription": "AML-American Literature",
        "courseTitle": "Asian American Literature &amp; Film",
        "campusDescription": "Tampa",
        "scheduleTypeDescription": "Class Lecture",
        "creditHours": 3,
        "courseReferenceNumber": "94955",
        "days": "1010000",
        "start": "1530",
        "end": "1645",
        "building": "CPR",
        "room": "251",
        "maximumEnrollment": 35,
        "enrollment": 4,
        "seatsAvailable": 31,
        "instructor": null,
        "email": "nhule@usf.edu",
        "campus": "Tampa"
    },
    {
        "subjectDescription": "AML-American Literature",
        "courseTitle": "Twentieth-Century American Novel",
        "campusDescription": "Tampa",
        "scheduleTypeDescription": "Class Lecture",
        "creditHours": null,
        "courseReferenceNumber": "96804",
        "days": "0101000",
        "start": "1530",
        "end": "1645",
        "building": "CPR",
        "room": "256",
        "maximumEnrollment": 35,
        "enrollment": 8,
        "seatsAvailable": 27,
        "instructor": null,
        "email": "sipiora@usf.edu",
        "campus": "Tampa"
    },
    {
        "subjectDescription": "AML-American Literature",
        "courseTitle": "Studies in American Literature to 1860",
        "campusDescription": "Tampa",
        "scheduleTypeDescription": "Class Lecture",
        "creditHours": null,
        "courseReferenceNumber": "96484",
        "days": "1000000",
        "start": "1530",
        "end": "1815",
        "building": "CPR",
        "room": "257",
        "maximumEnrollment": 12,
        "enrollment": 1,
        "seatsAvailable": 11,
        "instructor": null,
        "email": "thallock@usf.edu",
        "campus": "Tampa"
    }
]