[
    {
        "subjectDescription": "AMS-American Studies",
        "courseTitle": "Twentieth-Century American Culture",
        "campusDescription": "Tampa",
        "scheduleTypeDescription": "Class Lecture",
        "creditHours": 3,
        "courseReferenceNumber": "95448",
        "days": "0101000",
        "start": "1100",
        "end": "1215",
        "building": "BSN",
        "room": "2205",
        "maximumEnrollment": 35,
        "enrollment": 9,
        "seatsAvailable": 26,
        "instructor": null,
        "email": "dbelgrad@usf.edu",
        "campus": "Tampa"
    },
    {
        "subjectDescription": "AMS-American Studies",
        "courseTitle": "Racism in American Society",
        "campusDescription": "Off-campus - Tampa",
        "scheduleTypeDescription": "Class Lecture",
        "creditHours": null,
        "courseReferenceNumber": "88413",
        "days": "0000000",
        "start": null,
        "end": null,
        "building": "OFFT",
        "room": "OFF",
        "maximumEnrollment": 60,
        "enrollment": 60,
        "seatsAvailable": 0,
        "instructor": null,
        "email": "lahey@usf.edu",
        "campus": "Off-campus - Tampa"
    },
    {
        "subjectDescription": "AMS-American Studies",
        "courseTitle": "Racism in American Society",
        "campusDescription": "Off-campus - Tampa",
        "scheduleTypeDescription": "Class Lecture",
        "creditHours": null,
        "courseReferenceNumber": "88415",
        "days": "0000000",
        "start": null,
        "end": null,
        "building": "OFFT",
        "room": "OFF",
        "maximumEnrollment": 60,
        "enrollment": 13,
        "seatsAvailable": 47,
        "instructor": null,
        "email": "lahey@usf.edu",
        "campus": "Off-campus - Tampa"
    },
    {
        "subjectDescription": "AMS-American Studies",
        "courseTitle": "US Documentary Theatre",
        "campusDescription": "Tampa",
        "scheduleTypeDescription": "Class Lecture",
        "creditHours": 3,
        "courseReferenceNumber": "94781",
        "days": "0010000",
        "start": "1700",
        "end": "1945",
        "building": "CPR",
        "room": "356",
        "maximumEnrollment": 26,
        "enrollment": 1,
        "seatsAvailable": 25,
        "instructor": null,
        "email": "dkochman@usf.edu",
        "campus": "Tampa"
    },
    {
        "subjectDescription": "AMS-American Studies",
        "courseTitle": "Contemporary American Culture: Selected Topics",
        "campusDescription": "Tampa",
        "scheduleTypeDescription": "Class Lecture",
        "creditHours": 3,
        "courseReferenceNumber": "97288",
        "days": "0001000",
        "start": "1700",
        "end": "1945",
        "building": "CPR",
        "room": "355",
        "maximumEnrollment": 12,
        "enrollment": 1,
        "seatsAvailable": 11,
        "instructor": null,
        "email": "dbelgrad@usf.edu",
        "campus": "Tampa"
    },
    {
        "subjectDescription": "AMS-American Studies",
        "courseTitle": "Selected Topics",
        "campusDescription": "Tampa",
        "scheduleTypeDescription": "Class Lecture",
        "creditHours": 3,
        "courseReferenceNumber": "97290",
        "days": "0001000",
        "start": "1700",
        "end": "1945",
        "building": "BSN",
        "room": "1200",
        "maximumEnrollment": 5,
        "enrollment": 1,
        "seatsAvailable": 4,
        "instructor": null,
        "email": "toddjurgess@usf.edu",
        "campus": "Tampa"
    },
    {
        "subjectDescription": "AMS-American Studies",
        "courseTitle": "US Documentary Theatre",
        "campusDescription": "Tampa",
        "scheduleTypeDescription": "Class Lecture",
        "creditHours": 3,
        "courseReferenceNumber": "94782",
        "days": "0010000",
        "start": "1700",
        "end": "1945",
        "building": "CPR",
        "room": "356",
        "maximumEnrollment": 5,
        "enrollment": 0,
        "seatsAvailable": 5,
        "instructor": null,
        "email": "dkochman@usf.edu",
        "campus": "Tampa"
    }
]