[
    {
        "subjectDescription": "ANG-Anthropology:Graduate",
        "courseTitle": "Quantitative Methods in Anthropology",
        "campusDescription": "Tampa",
        "scheduleTypeDescription": "Class Lecture",
        "creditHours": null,
        "courseReferenceNumber": "89702",
        "days": "0100000",
        "start": "1230",
        "end": "1515",
        "building": "EDU",
        "room": "159",
        "maximumEnrollment": 10,
        "enrollment": 5,
        "seatsAvailable": 5,
        "instructor": null,
        "email": "ecwells@usf.edu",
        "campus": "Tampa"
    },
    {
        "subjectDescription": "ANG-Anthropology:Graduate",
        "courseTitle": "Language &amp; Culture",
        "campusDescription": "Tampa",
        "scheduleTypeDescription": "Class Lecture",
        "creditHours": null,
        "courseReferenceNumber": "96738",
        "days": "0100000",
        "start": "0930",
        "end": "1215",
        "building": "SOC",
        "room": "37",
        "maximumEnrollment": 10,
        "enrollment": 4,
        "seatsAvailable": 6,
        "instructor": null,
        "email": "deubel@usf.edu",
        "campus": "Tampa"
    },
    {
        "subjectDescription": "ANG-Anthropology:Graduate",
        "courseTitle": "Economic Anthropology",
        "campusDescription": "Tampa",
        "scheduleTypeDescription": "Class Lecture",
        "creditHours": null,
        "courseReferenceNumber": "96739",
        "days": "0101000",
        "start": "0930",
        "end": "1045",
        "building": "SOC",
        "room": "402",
        "maximumEnrollment": 10,
        "enrollment": 0,
        "seatsAvailable": 10,
        "instructor": null,
        "email": "stanish@usf.edu",
        "campus": "Tampa"
    },
    {
        "subjectDescription": "ANG-Anthropology:Graduate",
        "courseTitle": "Archaeology Theory &amp; Current Issues",
        "campusDescription": "Tampa",
        "scheduleTypeDescription": "Class Lecture",
        "creditHours": null,
        "courseReferenceNumber": "89704",
        "days": "1000000",
        "start": "1530",
        "end": "1815",
        "building": "SOC",
        "room": "30",
        "maximumEnrollment": 10,
        "enrollment": 1,
        "seatsAvailable": 9,
        "instructor": null,
        "email": "dianewallman@usf.edu",
        "campus": "Tampa"
    },
    {
        "subjectDescription": "ANG-Anthropology:Graduate",
        "courseTitle": "Zooarchaeology",
        "campusDescription": "Tampa",
        "scheduleTypeDescription": "Class Lecture",
        "creditHours": null,
        "courseReferenceNumber": "96737",
        "days": "1010000",
        "start": "1100",
        "end": "1215",
        "building": "SOC",
        "room": "37",
        "maximumEnrollment": 10,
        "enrollment": 5,
        "seatsAvailable": 5,
        "instructor": null,
        "email": "dianewallman@usf.edu",
        "campus": "Tampa"
    },
    {
        "subjectDescription": "ANG-Anthropology:Graduate",
        "courseTitle": "Ancient Trade",
        "campusDescription": "Tampa",
        "scheduleTypeDescription": "Class Lecture",
        "creditHours": null,
        "courseReferenceNumber": "96736",
        "days": "0010000",
        "start": "1530",
        "end": "1815",
        "building": "SOC",
        "room": "30",
        "maximumEnrollment": 7,
        "enrollment": 0,
        "seatsAvailable": 7,
        "instructor": null,
        "email": "rtykot@usf.edu",
        "campus": "Tampa"
    },
    {
        "subjectDescription": "ANG-Anthropology:Graduate",
        "courseTitle": "Issues in Heritage Tourism",
        "campusDescription": "Tampa",
        "scheduleTypeDescription": "Class Lecture",
        "creditHours": null,
        "courseReferenceNumber": "96734",
        "days": "0001000",
        "start": "1530",
        "end": "1815",
        "building": "SOC",
        "room": "37",
        "maximumEnrollment": 10,
        "enrollment": 1,
        "seatsAvailable": 9,
        "instructor": null,
        "email": "atjackson@usf.edu",
        "campus": "Tampa"
    },
    {
        "subjectDescription": "ANG-Anthropology:Graduate",
        "courseTitle": "Culture &amp; Mind: Anthro Perspec",
        "campusDescription": "Tampa",
        "scheduleTypeDescription": "Class Lecture",
        "creditHours": null,
        "courseReferenceNumber": "96735",
        "days": "1000000",
        "start": "1530",
        "end": "1815",
        "building": "SOC",
        "room": "37",
        "maximumEnrollment": 10,
        "enrollment": 5,
        "seatsAvailable": 5,
        "instructor": null,
        "email": "eslesley@usf.edu",
        "campus": "Tampa"
    },
    {
        "subjectDescription": "ANG-Anthropology:Graduate",
        "courseTitle": "Foundations of Applied Anthropology I",
        "campusDescription": "Tampa",
        "scheduleTypeDescription": "Class Lecture",
        "creditHours": null,
        "courseReferenceNumber": "89713",
        "days": "0000100",
        "start": "0930",
        "end": "1215",
        "building": "SOC",
        "room": "37",
        "maximumEnrollment": 10,
        "enrollment": 1,
        "seatsAvailable": 9,
        "instructor": null,
        "email": "dlende@usf.edu",
        "campus": "Tampa"
    },
    {
        "subjectDescription": "ANG-Anthropology:Graduate",
        "courseTitle": "Reserach Methods in Applied Anthropology",
        "campusDescription": "Tampa",
        "scheduleTypeDescription": "Discussion",
        "creditHours": null,
        "courseReferenceNumber": "89717",
        "days": "1000000",
        "start": "0930",
        "end": "1215",
        "building": "SOC",
        "room": "30",
        "maximumEnrollment": 10,
        "enrollment": 1,
        "seatsAvailable": 9,
        "instructor": null,
        "email": "rzarger@usf.edu",
        "campus": "Tampa"
    },
    {
        "subjectDescription": "ANG-Anthropology:Graduate",
        "courseTitle": "Thesis:Master&#39;s",
        "campusDescription": "Tampa",
        "scheduleTypeDescription": "Graduate Thesis",
        "creditHours": null,
        "courseReferenceNumber": "92414",
        "days": "0000000",
        "start": null,
        "end": null,
        "building": "TBAT",
        "room": "TBA",
        "maximumEnrollment": 1,
        "enrollment": 1,
        "seatsAvailable": 0,
        "instructor": null,
        "email": "hcastaneda@usf.edu",
        "campus": "Tampa"
    },
    {
        "subjectDescription": "ANG-Anthropology:Graduate",
        "courseTitle": "Thesis:Master&#39;s",
        "campusDescription": "Tampa",
        "scheduleTypeDescription": "Graduate Thesis",
        "creditHours": null,
        "courseReferenceNumber": "92990",
        "days": "0000000",
        "start": null,
        "end": null,
        "building": "TBAT",
        "room": "TBA",
        "maximumEnrollment": 1,
        "enrollment": 1,
        "seatsAvailable": 0,
        "instructor": null,
        "email": "eslesley@usf.edu",
        "campus": "Tampa"
    }
]