[
    {
        "subjectDescription": "ANS-Animal Science",
        "courseTitle": "Introduction to Animal Science",
        "campusDescription": "Tampa",
        "scheduleTypeDescription": "Class Lecture",
        "creditHours": null,
        "courseReferenceNumber": "91218",
        "days": "0101000",
        "start": "1400",
        "end": "1515",
        "building": "EDU",
        "room": "347",
        "maximumEnrollment": 69,
        "enrollment": 12,
        "seatsAvailable": 57,
        "instructor": null,
        "email": "rcbairley@usf.edu",
        "campus": "Tampa"
    }
]