[
    {
        "subjectDescription": "ANT-Anthropology",
        "courseTitle": "Introduction to Anthropology",
        "campusDescription": "Tampa",
        "scheduleTypeDescription": "Class Lecture",
        "creditHours": null,
        "courseReferenceNumber": "89413",
        "days": "0101000",
        "start": "0930",
        "end": "1045",
        "building": "CIS",
        "room": "2084",
        "maximumEnrollment": 46,
        "enrollment": 1,
        "seatsAvailable": 45,
        "instructor": null,
        "email": "ejford2@usf.edu",
        "campus": "Tampa"
    },
    {
        "subjectDescription": "ANT-Anthropology",
        "courseTitle": "Introduction to Anthropology",
        "campusDescription": "Tampa",
        "scheduleTypeDescription": "Class Lecture",
        "creditHours": null,
        "courseReferenceNumber": "93619",
        "days": "1010000",
        "start": "0930",
        "end": "1045",
        "building": "BSN",
        "room": "2300",
        "maximumEnrollment": 46,
        "enrollment": 0,
        "seatsAvailable": 46,
        "instructor": null,
        "email": "srtaylor1@usf.edu",
        "campus": "Tampa"
    },
    {
        "subjectDescription": "ANT-Anthropology",
        "courseTitle": "Introduction to Anthropology",
        "campusDescription": "Off-campus - Tampa",
        "scheduleTypeDescription": "Other",
        "creditHours": null,
        "courseReferenceNumber": "89377",
        "days": "0000000",
        "start": null,
        "end": null,
        "building": "OFFT",
        "room": "OFF",
        "maximumEnrollment": 50,
        "enrollment": 6,
        "seatsAvailable": 44,
        "instructor": null,
        "email": "karladavis@usf.edu",
        "campus": "Off-campus - Tampa"
    },
    {
        "subjectDescription": "ANT-Anthropology",
        "courseTitle": "Introduction to Anthropology",
        "campusDescription": "Off-campus - Tampa",
        "scheduleTypeDescription": "Other",
        "creditHours": null,
        "courseReferenceNumber": "93451",
        "days": "0000000",
        "start": null,
        "end": null,
        "building": "OFFT",
        "room": "OFF",
        "maximumEnrollment": 50,
        "enrollment": 3,
        "seatsAvailable": 47,
        "instructor": null,
        "email": "skusimba@usf.edu",
        "campus": "Off-campus - Tampa"
    },
    {
        "subjectDescription": "ANT-Anthropology",
        "courseTitle": "Introduction to Anthropology",
        "campusDescription": "St. Petersburg",
        "scheduleTypeDescription": "Class Lecture",
        "creditHours": null,
        "courseReferenceNumber": "89800",
        "days": "1010000",
        "start": "1100",
        "end": "1215",
        "building": "DAV",
        "room": "103",
        "maximumEnrollment": 45,
        "enrollment": 2,
        "seatsAvailable": 43,
        "instructor": null,
        "email": "arthurj@usf.edu",
        "campus": "St. Petersburg"
    },
    {
        "subjectDescription": "ANT-Anthropology",
        "courseTitle": "Introduction to Anthropology",
        "campusDescription": "Off-campus - St. Petersburg",
        "scheduleTypeDescription": "Class Lecture",
        "creditHours": null,
        "courseReferenceNumber": "89799",
        "days": "0000000",
        "start": null,
        "end": null,
        "building": "OFFP",
        "room": "OFF",
        "maximumEnrollment": 45,
        "enrollment": 1,
        "seatsAvailable": 44,
        "instructor": null,
        "email": "dixonar@usf.edu",
        "campus": "Off-campus - St. Petersburg"
    },
    {
        "subjectDescription": "ANT-Anthropology",
        "courseTitle": "Archeology",
        "campusDescription": "Tampa",
        "scheduleTypeDescription": "Class Lecture",
        "creditHours": null,
        "courseReferenceNumber": "97067",
        "days": "1010000",
        "start": "1230",
        "end": "1345",
        "building": "SOC",
        "room": "128",
        "maximumEnrollment": 46,
        "enrollment": 0,
        "seatsAvailable": 46,
        "instructor": null,
        "email": "srtaylor1@usf.edu",
        "campus": "Tampa"
    },
    {
        "subjectDescription": "ANT-Anthropology",
        "courseTitle": "Archeology",
        "campusDescription": "Tampa",
        "scheduleTypeDescription": "Class Lecture",
        "creditHours": null,
        "courseReferenceNumber": "97068",
        "days": "1010000",
        "start": "0930",
        "end": "1045",
        "building": "SOC",
        "room": "159",
        "maximumEnrollment": 46,
        "enrollment": 1,
        "seatsAvailable": 45,
        "instructor": null,
        "email": "nmw@usf.edu",
        "campus": "Tampa"
    },
    {
        "subjectDescription": "ANT-Anthropology",
        "courseTitle": "Archeology",
        "campusDescription": "Off-campus - Tampa",
        "scheduleTypeDescription": "Other",
        "creditHours": null,
        "courseReferenceNumber": "97064",
        "days": "0000000",
        "start": null,
        "end": null,
        "building": "OFFT",
        "room": "OFF",
        "maximumEnrollment": 50,
        "enrollment": 4,
        "seatsAvailable": 46,
        "instructor": null,
        "email": "rtykot@usf.edu",
        "campus": "Off-campus - Tampa"
    },
    {
        "subjectDescription": "ANT-Anthropology",
        "courseTitle": "Archeology",
        "campusDescription": "Off-campus - Tampa",
        "scheduleTypeDescription": "Other",
        "creditHours": null,
        "courseReferenceNumber": "97066",
        "days": "0000000",
        "start": null,
        "end": null,
        "building": "OFFT",
        "room": "OFF",
        "maximumEnrollment": 50,
        "enrollment": 1,
        "seatsAvailable": 49,
        "instructor": null,
        "email": "srtaylor1@usf.edu",
        "campus": "Off-campus - Tampa"
    },
    {
        "subjectDescription": "ANT-Anthropology",
        "courseTitle": "Archeology",
        "campusDescription": "St. Petersburg",
        "scheduleTypeDescription": "Class Lecture",
        "creditHours": null,
        "courseReferenceNumber": "97073",
        "days": "0101000",
        "start": "1100",
        "end": "1215",
        "building": "DAV",
        "room": "265",
        "maximumEnrollment": 40,
        "enrollment": 1,
        "seatsAvailable": 39,
        "instructor": null,
        "email": "dixonar@usf.edu",
        "campus": "St. Petersburg"
    },
    {
        "subjectDescription": "ANT-Anthropology",
        "courseTitle": "Cultural Anthropology",
        "campusDescription": "Tampa",
        "scheduleTypeDescription": "Class Lecture",
        "creditHours": null,
        "courseReferenceNumber": "93356",
        "days": "0101000",
        "start": "1530",
        "end": "1645",
        "building": "SOC",
        "room": "159",
        "maximumEnrollment": 46,
        "enrollment": 0,
        "seatsAvailable": 46,
        "instructor": null,
        "email": "jnapora@usf.edu",
        "campus": "Tampa"
    },
    {
        "subjectDescription": "ANT-Anthropology",
        "courseTitle": "Cultural Anthropology",
        "campusDescription": "Tampa",
        "scheduleTypeDescription": "Class Lecture",
        "creditHours": null,
        "courseReferenceNumber": "89422",
        "days": "0100000",
        "start": "1700",
        "end": "1945",
        "building": "SOC",
        "room": "128",
        "maximumEnrollment": 46,
        "enrollment": 2,
        "seatsAvailable": 44,
        "instructor": null,
        "email": "karladavis@usf.edu",
        "campus": "Tampa"
    },
    {
        "subjectDescription": "ANT-Anthropology",
        "courseTitle": "Cultural Anthropology",
        "campusDescription": "Tampa",
        "scheduleTypeDescription": "Class Lecture",
        "creditHours": null,
        "courseReferenceNumber": "89423",
        "days": "1010000",
        "start": "1100",
        "end": "1215",
        "building": "CPR",
        "room": "125",
        "maximumEnrollment": 46,
        "enrollment": 4,
        "seatsAvailable": 42,
        "instructor": null,
        "email": "yelvingt@usf.edu",
        "campus": "Tampa"
    },
    {
        "subjectDescription": "ANT-Anthropology",
        "courseTitle": "Cultural Anthropology",
        "campusDescription": "Tampa",
        "scheduleTypeDescription": "Class Lecture",
        "creditHours": null,
        "courseReferenceNumber": "93661",
        "days": "1010000",
        "start": "0930",
        "end": "1045",
        "building": "CPR",
        "room": "125",
        "maximumEnrollment": 46,
        "enrollment": 3,
        "seatsAvailable": 43,
        "instructor": null,
        "email": "ejford2@usf.edu",
        "campus": "Tampa"
    },
    {
        "subjectDescription": "ANT-Anthropology",
        "courseTitle": "Cultural Anthropology",
        "campusDescription": "Off-campus - Tampa",
        "scheduleTypeDescription": "Other",
        "creditHours": null,
        "courseReferenceNumber": "89391",
        "days": "0000000",
        "start": null,
        "end": null,
        "building": "OFFT",
        "room": "OFF",
        "maximumEnrollment": 50,
        "enrollment": 4,
        "seatsAvailable": 46,
        "instructor": null,
        "email": "kjayaram@usf.edu",
        "campus": "Off-campus - Tampa"
    },
    {
        "subjectDescription": "ANT-Anthropology",
        "courseTitle": "Cultural Anthropology",
        "campusDescription": "Off-campus - Tampa",
        "scheduleTypeDescription": "Class Lecture",
        "creditHours": null,
        "courseReferenceNumber": "89394",
        "days": "0000000",
        "start": null,
        "end": null,
        "building": "OFFT",
        "room": "OFF",
        "maximumEnrollment": 50,
        "enrollment": 9,
        "seatsAvailable": 41,
        "instructor": null,
        "email": "yelvingt@usf.edu",
        "campus": "Off-campus - Tampa"
    },
    {
        "subjectDescription": "ANT-Anthropology",
        "courseTitle": "Cultural Anthropology",
        "campusDescription": "Sarasota-Manatee",
        "scheduleTypeDescription": "Class Lecture",
        "creditHours": null,
        "courseReferenceNumber": "94820",
        "days": "1010000",
        "start": "1230",
        "end": "1345",
        "building": "SMC",
        "room": "A203B",
        "maximumEnrollment": 23,
        "enrollment": 2,
        "seatsAvailable": 21,
        "instructor": null,
        "email": "jrodriguez28@usf.edu",
        "campus": "Sarasota-Manatee"
    },
    {
        "subjectDescription": "ANT-Anthropology",
        "courseTitle": "Cultural Anthropology",
        "campusDescription": "St. Petersburg",
        "scheduleTypeDescription": "Class Lecture",
        "creditHours": null,
        "courseReferenceNumber": "89801",
        "days": "1010000",
        "start": "0930",
        "end": "1045",
        "building": "LPH",
        "room": "215",
        "maximumEnrollment": 49,
        "enrollment": 3,
        "seatsAvailable": 46,
        "instructor": null,
        "email": "kjarthur@usf.edu",
        "campus": "St. Petersburg"
    },
    {
        "subjectDescription": "ANT-Anthropology",
        "courseTitle": "Introduction to Biological Anthropology",
        "campusDescription": "Off-campus - Tampa",
        "scheduleTypeDescription": "Class Lecture",
        "creditHours": null,
        "courseReferenceNumber": "89455",
        "days": "0000000",
        "start": null,
        "end": null,
        "building": "OFFT",
        "room": "OFF",
        "maximumEnrollment": 50,
        "enrollment": 4,
        "seatsAvailable": 46,
        "instructor": null,
        "email": "emm3@usf.edu",
        "campus": "Off-campus - Tampa"
    },
    {
        "subjectDescription": "ANT-Anthropology",
        "courseTitle": "Biological Anthropology Lab",
        "campusDescription": "Tampa",
        "scheduleTypeDescription": "Laboratory",
        "creditHours": null,
        "courseReferenceNumber": "89460",
        "days": "0010000",
        "start": "1000",
        "end": "1050",
        "building": "SOC",
        "room": "38",
        "maximumEnrollment": 16,
        "enrollment": 1,
        "seatsAvailable": 15,
        "instructor": null,
        "email": "tfrasier@usf.edu",
        "campus": "Tampa"
    },
    {
        "subjectDescription": "ANT-Anthropology",
        "courseTitle": "Biological Anthropology Lab",
        "campusDescription": "Off-campus - Tampa",
        "scheduleTypeDescription": "Laboratory",
        "creditHours": null,
        "courseReferenceNumber": "94960",
        "days": "0000000",
        "start": null,
        "end": null,
        "building": "OFFT",
        "room": "OFF",
        "maximumEnrollment": 20,
        "enrollment": 1,
        "seatsAvailable": 19,
        "instructor": null,
        "email": "vcreeves@usf.edu",
        "campus": "Off-campus - Tampa"
    },
    {
        "subjectDescription": "ANT-Anthropology",
        "courseTitle": "Biological Anthropology Lab",
        "campusDescription": "Off-campus - Tampa",
        "scheduleTypeDescription": "Laboratory",
        "creditHours": null,
        "courseReferenceNumber": "94961",
        "days": "0000000",
        "start": null,
        "end": null,
        "building": "OFFT",
        "room": "OFF",
        "maximumEnrollment": 20,
        "enrollment": 1,
        "seatsAvailable": 19,
        "instructor": null,
        "email": "vcreeves@usf.edu",
        "campus": "Off-campus - Tampa"
    },
    {
        "subjectDescription": "ANT-Anthropology",
        "courseTitle": "Biological Anthropology Lab",
        "campusDescription": "St. Petersburg",
        "scheduleTypeDescription": "Laboratory",
        "creditHours": null,
        "courseReferenceNumber": "96812",
        "days": "0100000",
        "start": "1530",
        "end": "1645",
        "building": "DAV",
        "room": "258",
        "maximumEnrollment": 20,
        "enrollment": 1,
        "seatsAvailable": 19,
        "instructor": null,
        "email": "tfrasier@usf.edu",
        "campus": "St. Petersburg"
    },
    {
        "subjectDescription": "ANT-Anthropology",
        "courseTitle": "Theories of Culture",
        "campusDescription": "Tampa",
        "scheduleTypeDescription": "Class Lecture",
        "creditHours": null,
        "courseReferenceNumber": "89486",
        "days": "1010000",
        "start": "0930",
        "end": "1045",
        "building": "SOC",
        "room": "285",
        "maximumEnrollment": 25,
        "enrollment": 10,
        "seatsAvailable": 15,
        "instructor": null,
        "email": "skusimba@usf.edu",
        "campus": "Tampa"
    },
    {
        "subjectDescription": "ANT-Anthropology",
        "courseTitle": "Theories of Culture",
        "campusDescription": "Tampa",
        "scheduleTypeDescription": "Class Lecture",
        "creditHours": null,
        "courseReferenceNumber": "96722",
        "days": "0101000",
        "start": "1230",
        "end": "1345",
        "building": "SOC",
        "room": "286",
        "maximumEnrollment": 25,
        "enrollment": 3,
        "seatsAvailable": 22,
        "instructor": null,
        "email": "jnapora@usf.edu",
        "campus": "Tampa"
    },
    {
        "subjectDescription": "ANT-Anthropology",
        "courseTitle": "North American Archaeology",
        "campusDescription": "St. Petersburg",
        "scheduleTypeDescription": "Class Lecture",
        "creditHours": null,
        "courseReferenceNumber": "89804",
        "days": "1010000",
        "start": "1400",
        "end": "1515",
        "building": "DAV",
        "room": "261",
        "maximumEnrollment": 30,
        "enrollment": 5,
        "seatsAvailable": 25,
        "instructor": null,
        "email": "arthurj@usf.edu",
        "campus": "St. Petersburg"
    },
    {
        "subjectDescription": "ANT-Anthropology",
        "courseTitle": "Florida Archaeology",
        "campusDescription": "Tampa",
        "scheduleTypeDescription": "Class Lecture",
        "creditHours": null,
        "courseReferenceNumber": "96730",
        "days": "1010000",
        "start": "1230",
        "end": "1345",
        "building": "SOC",
        "room": "37",
        "maximumEnrollment": 20,
        "enrollment": 7,
        "seatsAvailable": 13,
        "instructor": null,
        "email": "nmw@usf.edu",
        "campus": "Tampa"
    },
    {
        "subjectDescription": "ANT-Anthropology",
        "courseTitle": "Laboratory Methods in Archaeology",
        "campusDescription": "Tampa",
        "scheduleTypeDescription": "Class Lecture",
        "creditHours": null,
        "courseReferenceNumber": "96728",
        "days": "0000100",
        "start": "0930",
        "end": "1215",
        "building": "SOC",
        "room": "30",
        "maximumEnrollment": 12,
        "enrollment": 4,
        "seatsAvailable": 8,
        "instructor": null,
        "email": "tpluckhahn@usf.edu",
        "campus": "Tampa"
    },
    {
        "subjectDescription": "ANT-Anthropology",
        "courseTitle": "Ancient Trade",
        "campusDescription": "Tampa",
        "scheduleTypeDescription": "Discussion",
        "creditHours": null,
        "courseReferenceNumber": "96732",
        "days": "0010000",
        "start": "1530",
        "end": "1815",
        "building": "SOC",
        "room": "30",
        "maximumEnrollment": 8,
        "enrollment": 4,
        "seatsAvailable": 4,
        "instructor": null,
        "email": "rtykot@usf.edu",
        "campus": "Tampa"
    },
    {
        "subjectDescription": "ANT-Anthropology",
        "courseTitle": "Peoples of Africa",
        "campusDescription": "Tampa",
        "scheduleTypeDescription": "Class Lecture",
        "creditHours": null,
        "courseReferenceNumber": "96729",
        "days": "0101000",
        "start": "1400",
        "end": "1515",
        "building": "EDU",
        "room": "261",
        "maximumEnrollment": 25,
        "enrollment": 3,
        "seatsAvailable": 22,
        "instructor": null,
        "email": "dmahoney1@usf.edu",
        "campus": "Tampa"
    },
    {
        "subjectDescription": "ANT-Anthropology",
        "courseTitle": "Exploring Cross-Cultural Diversity",
        "campusDescription": "Tampa",
        "scheduleTypeDescription": "Class Lecture",
        "creditHours": null,
        "courseReferenceNumber": "89493",
        "days": "0101000",
        "start": "1100",
        "end": "1215",
        "building": "SOC",
        "room": "303",
        "maximumEnrollment": 29,
        "enrollment": 10,
        "seatsAvailable": 19,
        "instructor": null,
        "email": "dhargrave@usf.edu",
        "campus": "Tampa"
    },
    {
        "subjectDescription": "ANT-Anthropology",
        "courseTitle": "Health, Illness, &amp; Culture",
        "campusDescription": "Tampa",
        "scheduleTypeDescription": "Class Lecture",
        "creditHours": null,
        "courseReferenceNumber": "89496",
        "days": "0010000",
        "start": "1700",
        "end": "1945",
        "building": "SOC",
        "room": "303",
        "maximumEnrollment": 25,
        "enrollment": 8,
        "seatsAvailable": 17,
        "instructor": null,
        "email": "hcastaneda@usf.edu",
        "campus": "Tampa"
    },
    {
        "subjectDescription": "ANT-Anthropology",
        "courseTitle": "Health, Illness, &amp; Culture",
        "campusDescription": "Tampa",
        "scheduleTypeDescription": "Class Lecture",
        "creditHours": null,
        "courseReferenceNumber": "96723",
        "days": "0101000",
        "start": "1100",
        "end": "1215",
        "building": "CIS",
        "room": "1047",
        "maximumEnrollment": 25,
        "enrollment": 8,
        "seatsAvailable": 17,
        "instructor": null,
        "email": "daza@usf.edu",
        "campus": "Tampa"
    },
    {
        "subjectDescription": "ANT-Anthropology",
        "courseTitle": "Health, Illness, &amp; Culture",
        "campusDescription": "Tampa",
        "scheduleTypeDescription": "Class Lecture",
        "creditHours": null,
        "courseReferenceNumber": "95861",
        "days": "1010000",
        "start": "1400",
        "end": "1515",
        "building": "SOC",
        "room": "304",
        "maximumEnrollment": 25,
        "enrollment": 2,
        "seatsAvailable": 23,
        "instructor": null,
        "email": "eslesley@usf.edu",
        "campus": "Tampa"
    },
    {
        "subjectDescription": "ANT-Anthropology",
        "courseTitle": "Methods in Cultural Research",
        "campusDescription": "Tampa",
        "scheduleTypeDescription": "Class Lecture",
        "creditHours": null,
        "courseReferenceNumber": "97253",
        "days": "1010000",
        "start": "1230",
        "end": "1345",
        "building": "SOC",
        "room": "317",
        "maximumEnrollment": 25,
        "enrollment": 3,
        "seatsAvailable": 22,
        "instructor": null,
        "email": "ejford2@usf.edu",
        "campus": "Tampa"
    },
    {
        "subjectDescription": "ANT-Anthropology",
        "courseTitle": "Human Variation",
        "campusDescription": "Off-campus - Tampa",
        "scheduleTypeDescription": "Class Lecture",
        "creditHours": null,
        "courseReferenceNumber": "89497",
        "days": "0000000",
        "start": null,
        "end": null,
        "building": "OFFT",
        "room": "OFF",
        "maximumEnrollment": 30,
        "enrollment": 19,
        "seatsAvailable": 11,
        "instructor": null,
        "email": "emm3@usf.edu",
        "campus": "Off-campus - Tampa"
    },
    {
        "subjectDescription": "ANT-Anthropology",
        "courseTitle": "Forensic Anthropology",
        "campusDescription": "Off-campus - Tampa",
        "scheduleTypeDescription": "Class Lecture",
        "creditHours": null,
        "courseReferenceNumber": "96721",
        "days": "0000000",
        "start": null,
        "end": null,
        "building": "OFFT",
        "room": "OFF",
        "maximumEnrollment": 50,
        "enrollment": 34,
        "seatsAvailable": 16,
        "instructor": null,
        "email": "jbethard@usf.edu",
        "campus": "Off-campus - Tampa"
    },
    {
        "subjectDescription": "ANT-Anthropology",
        "courseTitle": "Human Osteology &amp; Osteometry",
        "campusDescription": "Tampa",
        "scheduleTypeDescription": "Class Lecture",
        "creditHours": null,
        "courseReferenceNumber": "96727",
        "days": "1000000",
        "start": "1700",
        "end": "1945",
        "building": "SOC",
        "room": "317",
        "maximumEnrollment": 24,
        "enrollment": 11,
        "seatsAvailable": 13,
        "instructor": null,
        "email": "jbethard@usf.edu",
        "campus": "Tampa"
    },
    {
        "subjectDescription": "ANT-Anthropology",
        "courseTitle": "Anthropology of Infectious &amp; Contagious Diseases",
        "campusDescription": "Tampa",
        "scheduleTypeDescription": "Class Lecture",
        "creditHours": null,
        "courseReferenceNumber": "94748",
        "days": "0101000",
        "start": "1400",
        "end": "1515",
        "building": "SOC",
        "room": "286",
        "maximumEnrollment": 25,
        "enrollment": 11,
        "seatsAvailable": 14,
        "instructor": null,
        "email": "daza@usf.edu",
        "campus": "Tampa"
    },
    {
        "subjectDescription": "ANT-Anthropology",
        "courseTitle": "Language &amp; Culture",
        "campusDescription": "Tampa",
        "scheduleTypeDescription": "Class Lecture",
        "creditHours": null,
        "courseReferenceNumber": "96733",
        "days": "0100000",
        "start": "0930",
        "end": "1215",
        "building": "SOC",
        "room": "37",
        "maximumEnrollment": 25,
        "enrollment": 0,
        "seatsAvailable": 25,
        "instructor": null,
        "email": "deubel@usf.edu",
        "campus": "Tampa"
    },
    {
        "subjectDescription": "ANT-Anthropology",
        "courseTitle": "Applied Anthropology",
        "campusDescription": "Tampa",
        "scheduleTypeDescription": "Class Lecture",
        "creditHours": null,
        "courseReferenceNumber": "89502",
        "days": "1010000",
        "start": "1100",
        "end": "1215",
        "building": "SOC",
        "room": "402",
        "maximumEnrollment": 25,
        "enrollment": 5,
        "seatsAvailable": 20,
        "instructor": null,
        "email": "kjayaram@usf.edu",
        "campus": "Tampa"
    },
    {
        "subjectDescription": "ANT-Anthropology",
        "courseTitle": "Applied Anthropology",
        "campusDescription": "Tampa",
        "scheduleTypeDescription": "Class Lecture",
        "creditHours": null,
        "courseReferenceNumber": "94742",
        "days": "0101000",
        "start": "1530",
        "end": "1645",
        "building": "SOC",
        "room": "317",
        "maximumEnrollment": 25,
        "enrollment": 8,
        "seatsAvailable": 17,
        "instructor": null,
        "email": "dmahoney1@usf.edu",
        "campus": "Tampa"
    },
    {
        "subjectDescription": "ANT-Anthropology",
        "courseTitle": "Applied Anthropology",
        "campusDescription": "St. Petersburg",
        "scheduleTypeDescription": "Class Lecture",
        "creditHours": null,
        "courseReferenceNumber": "94373",
        "days": "0101000",
        "start": "0930",
        "end": "1045",
        "building": "DAV",
        "room": "261",
        "maximumEnrollment": 25,
        "enrollment": 4,
        "seatsAvailable": 21,
        "instructor": null,
        "email": "oleary@usf.edu",
        "campus": "St. Petersburg"
    },
    {
        "subjectDescription": "ANT-Anthropology",
        "courseTitle": "Cultural Resource Management",
        "campusDescription": "Tampa",
        "scheduleTypeDescription": "Class Lecture",
        "creditHours": 3,
        "courseReferenceNumber": "89606",
        "days": "0101000",
        "start": "1100",
        "end": "1215",
        "building": "SOC",
        "room": "403",
        "maximumEnrollment": 25,
        "enrollment": 3,
        "seatsAvailable": 22,
        "instructor": null,
        "email": "tpluckhahn@usf.edu",
        "campus": "Tampa"
    },
    {
        "subjectDescription": "ANT-Anthropology",
        "courseTitle": "Spirits and the Paranormal",
        "campusDescription": "Tampa",
        "scheduleTypeDescription": "Class Lecture",
        "creditHours": 3,
        "courseReferenceNumber": "89608",
        "days": "1010000",
        "start": "1530",
        "end": "1645",
        "building": "SOC",
        "room": "303",
        "maximumEnrollment": 25,
        "enrollment": 4,
        "seatsAvailable": 21,
        "instructor": null,
        "email": "jnapora@usf.edu",
        "campus": "Tampa"
    },
    {
        "subjectDescription": "ANT-Anthropology",
        "courseTitle": "Spirits and the Paranormal",
        "campusDescription": "Tampa",
        "scheduleTypeDescription": "Class Lecture",
        "creditHours": 3,
        "courseReferenceNumber": "89671",
        "days": "1010000",
        "start": "1230",
        "end": "1345",
        "building": "SOC",
        "room": "384",
        "maximumEnrollment": 25,
        "enrollment": 4,
        "seatsAvailable": 21,
        "instructor": null,
        "email": "jnapora@usf.edu",
        "campus": "Tampa"
    },
    {
        "subjectDescription": "ANT-Anthropology",
        "courseTitle": "Folklore",
        "campusDescription": "Tampa",
        "scheduleTypeDescription": "Class Lecture",
        "creditHours": 3,
        "courseReferenceNumber": "89656",
        "days": "0101000",
        "start": "1230",
        "end": "1345",
        "building": "EDU",
        "room": "261",
        "maximumEnrollment": 25,
        "enrollment": 8,
        "seatsAvailable": 17,
        "instructor": null,
        "email": "ejford2@usf.edu",
        "campus": "Tampa"
    },
    {
        "subjectDescription": "ANT-Anthropology",
        "courseTitle": "Zooarchaeology",
        "campusDescription": "Tampa",
        "scheduleTypeDescription": "Class Lecture",
        "creditHours": 3,
        "courseReferenceNumber": "94724",
        "days": "1010000",
        "start": "1100",
        "end": "1215",
        "building": "SOC",
        "room": "37",
        "maximumEnrollment": 15,
        "enrollment": 10,
        "seatsAvailable": 5,
        "instructor": null,
        "email": "dianewallman@usf.edu",
        "campus": "Tampa"
    },
    {
        "subjectDescription": "ANT-Anthropology",
        "courseTitle": "Economic Anthropology",
        "campusDescription": "Tampa",
        "scheduleTypeDescription": "Class Lecture",
        "creditHours": 3,
        "courseReferenceNumber": "94752",
        "days": "0101000",
        "start": "0930",
        "end": "1045",
        "building": "SOC",
        "room": "402",
        "maximumEnrollment": 25,
        "enrollment": 1,
        "seatsAvailable": 24,
        "instructor": null,
        "email": "stanish@usf.edu",
        "campus": "Tampa"
    },
    {
        "subjectDescription": "ANT-Anthropology",
        "courseTitle": "African Chiefdoms and States",
        "campusDescription": "Tampa",
        "scheduleTypeDescription": "Class Lecture",
        "creditHours": 3,
        "courseReferenceNumber": "89652",
        "days": "1010000",
        "start": "1400",
        "end": "1515",
        "building": "SOC",
        "room": "132",
        "maximumEnrollment": 25,
        "enrollment": 0,
        "seatsAvailable": 25,
        "instructor": null,
        "email": "ckusimba@usf.edu",
        "campus": "Tampa"
    },
    {
        "subjectDescription": "ANT-Anthropology",
        "courseTitle": "ST: Happiness: Meaning &amp;",
        "campusDescription": "St. Petersburg",
        "scheduleTypeDescription": "Class Lecture",
        "creditHours": 3,
        "courseReferenceNumber": "89807",
        "days": "0101000",
        "start": "1230",
        "end": "1345",
        "building": "DAV",
        "room": "261",
        "maximumEnrollment": 30,
        "enrollment": 4,
        "seatsAvailable": 26,
        "instructor": null,
        "email": "oleary@usf.edu",
        "campus": "St. Petersburg"
    },
    {
        "subjectDescription": "ANT-Anthropology",
        "courseTitle": "ST: Murder &amp; Mayhem: The",
        "campusDescription": "St. Petersburg",
        "scheduleTypeDescription": "Class Lecture",
        "creditHours": 3,
        "courseReferenceNumber": "94374",
        "days": "0101000",
        "start": "1400",
        "end": "1515",
        "building": "DAV",
        "room": "261",
        "maximumEnrollment": 30,
        "enrollment": 8,
        "seatsAvailable": 22,
        "instructor": null,
        "email": "dixonar@usf.edu",
        "campus": "St. Petersburg"
    },
    {
        "subjectDescription": "ANT-Anthropology",
        "courseTitle": "ST: Sacred Forests: Heritage &amp;",
        "campusDescription": "St. Petersburg",
        "scheduleTypeDescription": "Class Lecture",
        "creditHours": 3,
        "courseReferenceNumber": "94375",
        "days": "1010000",
        "start": "1230",
        "end": "1345",
        "building": "DAV",
        "room": "264",
        "maximumEnrollment": 30,
        "enrollment": 6,
        "seatsAvailable": 24,
        "instructor": null,
        "email": "kjarthur@usf.edu",
        "campus": "St. Petersburg"
    }
]