[
    {
        "subjectDescription": "APK-Applied Kinesiology",
        "courseTitle": "A Survey in Leadership and Professionalism in Exercise Science",
        "campusDescription": "Off-campus - Tampa",
        "scheduleTypeDescription": "Other",
        "creditHours": null,
        "courseReferenceNumber": "97092",
        "days": "0000000",
        "start": null,
        "end": null,
        "building": "OFFT",
        "room": "OFF",
        "maximumEnrollment": 35,
        "enrollment": 11,
        "seatsAvailable": 24,
        "instructor": null,
        "email": null,
        "campus": "Off-campus - Tampa"
    },
    {
        "subjectDescription": "APK-Applied Kinesiology",
        "courseTitle": "A Survey in Leadership and Professionalism in Exercise Science",
        "campusDescription": "Off-campus - Tampa",
        "scheduleTypeDescription": "Other",
        "creditHours": null,
        "courseReferenceNumber": "97093",
        "days": "0000000",
        "start": null,
        "end": null,
        "building": "OFFT",
        "room": "OFF",
        "maximumEnrollment": 35,
        "enrollment": 2,
        "seatsAvailable": 33,
        "instructor": null,
        "email": null,
        "campus": "Off-campus - Tampa"
    },
    {
        "subjectDescription": "APK-Applied Kinesiology",
        "courseTitle": "A Survey in Leadership and Professionalism in Exercise Science",
        "campusDescription": "Off-campus - Tampa",
        "scheduleTypeDescription": "Other",
        "creditHours": null,
        "courseReferenceNumber": "97094",
        "days": "0000000",
        "start": null,
        "end": null,
        "building": "OFFT",
        "room": "OFF",
        "maximumEnrollment": 35,
        "enrollment": 1,
        "seatsAvailable": 34,
        "instructor": null,
        "email": null,
        "campus": "Off-campus - Tampa"
    },
    {
        "subjectDescription": "APK-Applied Kinesiology",
        "courseTitle": "Exercise Physiology",
        "campusDescription": "Tampa",
        "scheduleTypeDescription": "Class Lecture",
        "creditHours": null,
        "courseReferenceNumber": "92105",
        "days": "0101000",
        "start": "0930",
        "end": "1045",
        "building": "PED",
        "room": "110",
        "maximumEnrollment": 35,
        "enrollment": 16,
        "seatsAvailable": 19,
        "instructor": null,
        "email": null,
        "campus": "Tampa"
    },
    {
        "subjectDescription": "APK-Applied Kinesiology",
        "courseTitle": "Exercise Physiology",
        "campusDescription": "Tampa",
        "scheduleTypeDescription": "Class Lecture",
        "creditHours": null,
        "courseReferenceNumber": "92110",
        "days": "0101000",
        "start": "1230",
        "end": "1345",
        "building": "CPR",
        "room": "460",
        "maximumEnrollment": 35,
        "enrollment": 5,
        "seatsAvailable": 30,
        "instructor": null,
        "email": null,
        "campus": "Tampa"
    },
    {
        "subjectDescription": "APK-Applied Kinesiology",
        "courseTitle": "Exercise Physiology",
        "campusDescription": "Off-campus - Tampa",
        "scheduleTypeDescription": "Other",
        "creditHours": null,
        "courseReferenceNumber": "92911",
        "days": "0000000",
        "start": null,
        "end": null,
        "building": "OFFT",
        "room": "OFF",
        "maximumEnrollment": 40,
        "enrollment": 7,
        "seatsAvailable": 33,
        "instructor": null,
        "email": null,
        "campus": "Off-campus - Tampa"
    },
    {
        "subjectDescription": "APK-Applied Kinesiology",
        "courseTitle": "Integrated Fitness Programming",
        "campusDescription": "Tampa",
        "scheduleTypeDescription": "Class Lecture",
        "creditHours": null,
        "courseReferenceNumber": "97165",
        "days": "0101000",
        "start": "1230",
        "end": "1345",
        "building": "PED",
        "room": "109",
        "maximumEnrollment": 30,
        "enrollment": 14,
        "seatsAvailable": 16,
        "instructor": null,
        "email": null,
        "campus": "Tampa"
    },
    {
        "subjectDescription": "APK-Applied Kinesiology",
        "courseTitle": "Integrated Fitness Programming",
        "campusDescription": "Tampa",
        "scheduleTypeDescription": "Class Lecture",
        "creditHours": null,
        "courseReferenceNumber": "97166",
        "days": "1010000",
        "start": "1230",
        "end": "1345",
        "building": "PED",
        "room": "109",
        "maximumEnrollment": 30,
        "enrollment": 26,
        "seatsAvailable": 4,
        "instructor": null,
        "email": null,
        "campus": "Tampa"
    },
    {
        "subjectDescription": "APK-Applied Kinesiology",
        "courseTitle": "Weight Management",
        "campusDescription": "Tampa",
        "scheduleTypeDescription": "Class Lecture",
        "creditHours": null,
        "courseReferenceNumber": "97107",
        "days": "1010000",
        "start": "1400",
        "end": "1515",
        "building": "NEC",
        "room": "328",
        "maximumEnrollment": 35,
        "enrollment": 11,
        "seatsAvailable": 24,
        "instructor": null,
        "email": "bcampbell@usf.edu",
        "campus": "Tampa"
    },
    {
        "subjectDescription": "APK-Applied Kinesiology",
        "courseTitle": "Weight Management",
        "campusDescription": "Tampa",
        "scheduleTypeDescription": "Class Lecture",
        "creditHours": null,
        "courseReferenceNumber": "97108",
        "days": "1010000",
        "start": "1530",
        "end": "1645",
        "building": "NEC",
        "room": "328",
        "maximumEnrollment": 35,
        "enrollment": 6,
        "seatsAvailable": 29,
        "instructor": null,
        "email": "bcampbell@usf.edu",
        "campus": "Tampa"
    },
    {
        "subjectDescription": "APK-Applied Kinesiology",
        "courseTitle": "Biomechanics in Human Motion",
        "campusDescription": "Off-campus - Tampa",
        "scheduleTypeDescription": "Other",
        "creditHours": null,
        "courseReferenceNumber": "97091",
        "days": "0000000",
        "start": null,
        "end": null,
        "building": "OFFT",
        "room": "OFF",
        "maximumEnrollment": 35,
        "enrollment": 4,
        "seatsAvailable": 31,
        "instructor": null,
        "email": null,
        "campus": "Off-campus - Tampa"
    },
    {
        "subjectDescription": "APK-Applied Kinesiology",
        "courseTitle": "Biomechanics in Human Motion",
        "campusDescription": "Tampa",
        "scheduleTypeDescription": "Class Lecture",
        "creditHours": null,
        "courseReferenceNumber": "97098",
        "days": "1010000",
        "start": "1230",
        "end": "1345",
        "building": "PED",
        "room": "104",
        "maximumEnrollment": 30,
        "enrollment": 5,
        "seatsAvailable": 25,
        "instructor": null,
        "email": null,
        "campus": "Tampa"
    },
    {
        "subjectDescription": "APK-Applied Kinesiology",
        "courseTitle": "Biomechanics in Human Motion",
        "campusDescription": "Tampa",
        "scheduleTypeDescription": "Class Lecture",
        "creditHours": null,
        "courseReferenceNumber": "97099",
        "days": "0101000",
        "start": "1230",
        "end": "1345",
        "building": "PED",
        "room": "105",
        "maximumEnrollment": 30,
        "enrollment": 3,
        "seatsAvailable": 27,
        "instructor": null,
        "email": null,
        "campus": "Tampa"
    },
    {
        "subjectDescription": "APK-Applied Kinesiology",
        "courseTitle": "Biomechanics in Human Motion",
        "campusDescription": "Tampa",
        "scheduleTypeDescription": "Class Lecture",
        "creditHours": null,
        "courseReferenceNumber": "97100",
        "days": "0101000",
        "start": "1400",
        "end": "1515",
        "building": "PED",
        "room": "105",
        "maximumEnrollment": 30,
        "enrollment": 3,
        "seatsAvailable": 27,
        "instructor": null,
        "email": null,
        "campus": "Tampa"
    },
    {
        "subjectDescription": "APK-Applied Kinesiology",
        "courseTitle": "Exercise Psychology",
        "campusDescription": "Tampa",
        "scheduleTypeDescription": "Class Lecture",
        "creditHours": null,
        "courseReferenceNumber": "97168",
        "days": "1010000",
        "start": "1100",
        "end": "1215",
        "building": "CWY",
        "room": "107",
        "maximumEnrollment": 30,
        "enrollment": 8,
        "seatsAvailable": 22,
        "instructor": null,
        "email": null,
        "campus": "Tampa"
    },
    {
        "subjectDescription": "APK-Applied Kinesiology",
        "courseTitle": "Exercise Psychology",
        "campusDescription": "Tampa",
        "scheduleTypeDescription": "Class Lecture",
        "creditHours": null,
        "courseReferenceNumber": "97173",
        "days": "1010000",
        "start": "1230",
        "end": "1345",
        "building": "CWY",
        "room": "108",
        "maximumEnrollment": 30,
        "enrollment": 8,
        "seatsAvailable": 22,
        "instructor": null,
        "email": null,
        "campus": "Tampa"
    },
    {
        "subjectDescription": "APK-Applied Kinesiology",
        "courseTitle": "Physical Activity in Diverse Populations",
        "campusDescription": "Tampa",
        "scheduleTypeDescription": "Class Lecture",
        "creditHours": null,
        "courseReferenceNumber": "97096",
        "days": "1010000",
        "start": "0930",
        "end": "1045",
        "building": "PED",
        "room": "105",
        "maximumEnrollment": 30,
        "enrollment": 30,
        "seatsAvailable": 0,
        "instructor": null,
        "email": null,
        "campus": "Tampa"
    },
    {
        "subjectDescription": "APK-Applied Kinesiology",
        "courseTitle": "Physical Activity in Diverse Populations",
        "campusDescription": "Tampa",
        "scheduleTypeDescription": "Class Lecture",
        "creditHours": null,
        "courseReferenceNumber": "97097",
        "days": "0101000",
        "start": "0930",
        "end": "1045",
        "building": "PED",
        "room": "105",
        "maximumEnrollment": 30,
        "enrollment": 14,
        "seatsAvailable": 16,
        "instructor": null,
        "email": null,
        "campus": "Tampa"
    },
    {
        "subjectDescription": "APK-Applied Kinesiology",
        "courseTitle": "Corrective Exercise",
        "campusDescription": "Tampa",
        "scheduleTypeDescription": "Class Lecture",
        "creditHours": null,
        "courseReferenceNumber": "97422",
        "days": "0101000",
        "start": "1230",
        "end": "1345",
        "building": "PED",
        "room": "110",
        "maximumEnrollment": 40,
        "enrollment": 18,
        "seatsAvailable": 22,
        "instructor": null,
        "email": null,
        "campus": "Tampa"
    },
    {
        "subjectDescription": "APK-Applied Kinesiology",
        "courseTitle": "Corrective Exercise",
        "campusDescription": "Tampa",
        "scheduleTypeDescription": "Class Lecture",
        "creditHours": null,
        "courseReferenceNumber": "97423",
        "days": "1010000",
        "start": "1230",
        "end": "1345",
        "building": "PED",
        "room": "110",
        "maximumEnrollment": 40,
        "enrollment": 12,
        "seatsAvailable": 28,
        "instructor": null,
        "email": null,
        "campus": "Tampa"
    },
    {
        "subjectDescription": "APK-Applied Kinesiology",
        "courseTitle": "Internship in Exercise Science",
        "campusDescription": "Off-campus - Tampa",
        "scheduleTypeDescription": "Internship",
        "creditHours": null,
        "courseReferenceNumber": "97095",
        "days": "0000000",
        "start": null,
        "end": null,
        "building": "OFFT",
        "room": "OFF",
        "maximumEnrollment": 12,
        "enrollment": 2,
        "seatsAvailable": 10,
        "instructor": null,
        "email": null,
        "campus": "Off-campus - Tampa"
    },
    {
        "subjectDescription": "APK-Applied Kinesiology",
        "courseTitle": "Cardiorespiratory Aspects of Exercise Physiology",
        "campusDescription": "Tampa",
        "scheduleTypeDescription": "Class Lecture",
        "creditHours": null,
        "courseReferenceNumber": "91216",
        "days": "0100000",
        "start": "1700",
        "end": "1945",
        "building": "PED",
        "room": "104",
        "maximumEnrollment": 30,
        "enrollment": 2,
        "seatsAvailable": 28,
        "instructor": null,
        "email": "slbuckner@usf.edu",
        "campus": "Tampa"
    },
    {
        "subjectDescription": "APK-Applied Kinesiology",
        "courseTitle": "Neuromuscular Aspects of Exercise Physiology",
        "campusDescription": "Tampa",
        "scheduleTypeDescription": "Class Lecture",
        "creditHours": null,
        "courseReferenceNumber": "91932",
        "days": "0001000",
        "start": "1700",
        "end": "1945",
        "building": "PED",
        "room": "110",
        "maximumEnrollment": 30,
        "enrollment": 10,
        "seatsAvailable": 20,
        "instructor": null,
        "email": "slbuckner@usf.edu",
        "campus": "Tampa"
    },
    {
        "subjectDescription": "APK-Applied Kinesiology",
        "courseTitle": "Stress Management &amp; Mental Performance",
        "campusDescription": "Tampa",
        "scheduleTypeDescription": "Class Lecture",
        "creditHours": null,
        "courseReferenceNumber": "97551",
        "days": "0001000",
        "start": "1700",
        "end": "1945",
        "building": "PED",
        "room": "105",
        "maximumEnrollment": 35,
        "enrollment": 0,
        "seatsAvailable": 35,
        "instructor": null,
        "email": "nmartinez@usf.edu",
        "campus": "Tampa"
    }
]