[
    {
        "subjectDescription": "ARA-Arabic Language",
        "courseTitle": "Modern Arabic I",
        "campusDescription": "Tampa",
        "scheduleTypeDescription": "Class Lecture",
        "creditHours": null,
        "courseReferenceNumber": "88201",
        "days": "0000100",
        "start": "1100",
        "end": "1150",
        "building": "CPR",
        "room": "247",
        "maximumEnrollment": 19,
        "enrollment": 2,
        "seatsAvailable": 17,
        "instructor": null,
        "email": "salwa@usf.edu",
        "campus": "Tampa"
    },
    {
        "subjectDescription": "ARA-Arabic Language",
        "courseTitle": "Modern Arabic I",
        "campusDescription": "Tampa",
        "scheduleTypeDescription": "Class Lecture",
        "creditHours": null,
        "courseReferenceNumber": "88202",
        "days": "0101000",
        "start": "1800",
        "end": "1945",
        "building": "CPR",
        "room": "205",
        "maximumEnrollment": 19,
        "enrollment": 0,
        "seatsAvailable": 19,
        "instructor": null,
        "email": "salwa@usf.edu",
        "campus": "Tampa"
    },
    {
        "subjectDescription": "ARA-Arabic Language",
        "courseTitle": "Modern Arabic II",
        "campusDescription": "Tampa",
        "scheduleTypeDescription": "Class Lecture",
        "creditHours": null,
        "courseReferenceNumber": "95262",
        "days": "1010000",
        "start": "1100",
        "end": "1215",
        "building": "CPR",
        "room": "338",
        "maximumEnrollment": 19,
        "enrollment": 0,
        "seatsAvailable": 19,
        "instructor": null,
        "email": "salwa@usf.edu",
        "campus": "Tampa"
    },
    {
        "subjectDescription": "ARA-Arabic Language",
        "courseTitle": "Modern Arabic III",
        "campusDescription": "Tampa",
        "scheduleTypeDescription": "Class Lecture",
        "creditHours": null,
        "courseReferenceNumber": "96841",
        "days": "0000100",
        "start": "1400",
        "end": "1450",
        "building": "CPR",
        "room": "462",
        "maximumEnrollment": 19,
        "enrollment": 3,
        "seatsAvailable": 16,
        "instructor": null,
        "email": "salwa@usf.edu",
        "campus": "Tampa"
    }
]