[
    {
        "subjectDescription": "ARC-Architecture",
        "courseTitle": "Architectural Freehand Drawing Methods",
        "campusDescription": "Tampa",
        "scheduleTypeDescription": "Laboratory",
        "creditHours": null,
        "courseReferenceNumber": "91030",
        "days": "0101000",
        "start": "1230",
        "end": "1515",
        "building": null,
        "room": null,
        "maximumEnrollment": 16,
        "enrollment": 3,
        "seatsAvailable": 13,
        "instructor": null,
        "email": "gloriacerenc@usf.edu",
        "campus": "Tampa"
    },
    {
        "subjectDescription": "ARC-Architecture",
        "courseTitle": "Architectural Freehand Drawing Methods",
        "campusDescription": "Tampa",
        "scheduleTypeDescription": "Laboratory",
        "creditHours": null,
        "courseReferenceNumber": "95522",
        "days": "0101000",
        "start": "0930",
        "end": "1215",
        "building": "EDU",
        "room": "314",
        "maximumEnrollment": 16,
        "enrollment": 1,
        "seatsAvailable": 15,
        "instructor": null,
        "email": "afritz@usf.edu",
        "campus": "Tampa"
    },
    {
        "subjectDescription": "ARC-Architecture",
        "courseTitle": "Introduction to Architectural Design &amp; Graphics",
        "campusDescription": "Tampa",
        "scheduleTypeDescription": "Class Lecture",
        "creditHours": null,
        "courseReferenceNumber": "91034",
        "days": "1010000",
        "start": "1730",
        "end": "1945",
        "building": "HMS",
        "room": "441",
        "maximumEnrollment": 20,
        "enrollment": 4,
        "seatsAvailable": 16,
        "instructor": null,
        "email": "chaddy@usf.edu",
        "campus": "Tampa"
    },
    {
        "subjectDescription": "ARC-Architecture",
        "courseTitle": "Introduction to Architectural Design &amp; Graphics",
        "campusDescription": "Tampa",
        "scheduleTypeDescription": "Class Lecture",
        "creditHours": null,
        "courseReferenceNumber": "91039",
        "days": "1010000",
        "start": "1730",
        "end": "1945",
        "building": "HMS",
        "room": "440",
        "maximumEnrollment": 20,
        "enrollment": 0,
        "seatsAvailable": 20,
        "instructor": null,
        "email": "leahcrowe@usf.edu",
        "campus": "Tampa"
    },
    {
        "subjectDescription": "ARC-Architecture",
        "courseTitle": "Introduction to Architectural Design &amp; Graphics",
        "campusDescription": "Tampa",
        "scheduleTypeDescription": "Class Lecture",
        "creditHours": null,
        "courseReferenceNumber": "91042",
        "days": "1010000",
        "start": "1730",
        "end": "1945",
        "building": "HMS",
        "room": "437",
        "maximumEnrollment": 18,
        "enrollment": 0,
        "seatsAvailable": 18,
        "instructor": null,
        "email": "logan26@usf.edu",
        "campus": "Tampa"
    },
    {
        "subjectDescription": "ARC-Architecture",
        "courseTitle": "Introduction to Architectural Design &amp; Graphics II",
        "campusDescription": "Tampa",
        "scheduleTypeDescription": "Class Lecture",
        "creditHours": null,
        "courseReferenceNumber": "91045",
        "days": "0101000",
        "start": "1730",
        "end": "1945",
        "building": "HMS",
        "room": "330",
        "maximumEnrollment": 22,
        "enrollment": 13,
        "seatsAvailable": 9,
        "instructor": null,
        "email": "stevensonm1@usf.edu",
        "campus": "Tampa"
    },
    {
        "subjectDescription": "ARC-Architecture",
        "courseTitle": "Introduction to Architectural Design &amp; Graphics II",
        "campusDescription": "Tampa",
        "scheduleTypeDescription": "Class Lecture",
        "creditHours": null,
        "courseReferenceNumber": "91047",
        "days": "0101000",
        "start": "1730",
        "end": "1945",
        "building": "HMS",
        "room": "330",
        "maximumEnrollment": 22,
        "enrollment": 2,
        "seatsAvailable": 20,
        "instructor": null,
        "email": "alanz@usf.edu",
        "campus": "Tampa"
    },
    {
        "subjectDescription": "ARC-Architecture",
        "courseTitle": "Introduction to Digital Architecture",
        "campusDescription": "Tampa",
        "scheduleTypeDescription": "Laboratory",
        "creditHours": null,
        "courseReferenceNumber": "91049",
        "days": "1010000",
        "start": "1830",
        "end": "1945",
        "building": "HMS",
        "room": "106",
        "maximumEnrollment": 20,
        "enrollment": 4,
        "seatsAvailable": 16,
        "instructor": null,
        "email": "upadron@usf.edu",
        "campus": "Tampa"
    },
    {
        "subjectDescription": "ARC-Architecture",
        "courseTitle": "Introduction to Digital Architecture",
        "campusDescription": "Tampa",
        "scheduleTypeDescription": "Laboratory",
        "creditHours": 3,
        "courseReferenceNumber": "93614",
        "days": "1010000",
        "start": "0800",
        "end": "0915",
        "building": "HMS",
        "room": "106",
        "maximumEnrollment": 20,
        "enrollment": 3,
        "seatsAvailable": 17,
        "instructor": null,
        "email": null,
        "campus": "Tampa"
    },
    {
        "subjectDescription": "ARC-Architecture",
        "courseTitle": "Introduction to Architecture",
        "campusDescription": "Off-campus - Tampa",
        "scheduleTypeDescription": "Other",
        "creditHours": null,
        "courseReferenceNumber": "90852",
        "days": "0000000",
        "start": null,
        "end": null,
        "building": "OFFT",
        "room": "OFF",
        "maximumEnrollment": 250,
        "enrollment": 20,
        "seatsAvailable": 230,
        "instructor": null,
        "email": "roberthudson@usf.edu",
        "campus": "Off-campus - Tampa"
    },
    {
        "subjectDescription": "ARC-Architecture",
        "courseTitle": "Survey of Architectural History I",
        "campusDescription": "Tampa",
        "scheduleTypeDescription": "Class Lecture",
        "creditHours": 3,
        "courseReferenceNumber": "96948",
        "days": "0101000",
        "start": "1830",
        "end": "1945",
        "building": "SOC",
        "room": "286",
        "maximumEnrollment": 15,
        "enrollment": 1,
        "seatsAvailable": 14,
        "instructor": null,
        "email": null,
        "campus": "Tampa"
    },
    {
        "subjectDescription": "ARC-Architecture",
        "courseTitle": "Design Theory",
        "campusDescription": "Tampa",
        "scheduleTypeDescription": "Class Lecture",
        "creditHours": 3,
        "courseReferenceNumber": "91050",
        "days": "1010000",
        "start": "1130",
        "end": "1245",
        "building": "HMS",
        "room": "442",
        "maximumEnrollment": 45,
        "enrollment": 21,
        "seatsAvailable": 24,
        "instructor": null,
        "email": "lkara@usf.edu",
        "campus": "Tampa"
    },
    {
        "subjectDescription": "ARC-Architecture",
        "courseTitle": "Core Design I",
        "campusDescription": "Tampa",
        "scheduleTypeDescription": "Class Lecture",
        "creditHours": null,
        "courseReferenceNumber": "90905",
        "days": "0100000",
        "start": "1700",
        "end": "1945",
        "building": "SOC",
        "room": "150",
        "maximumEnrollment": 20,
        "enrollment": 0,
        "seatsAvailable": 20,
        "instructor": null,
        "email": "lkara@usf.edu",
        "campus": "Tampa"
    },
    {
        "subjectDescription": "ARC-Architecture",
        "courseTitle": "Core Design I",
        "campusDescription": "Tampa",
        "scheduleTypeDescription": "Class Lecture",
        "creditHours": null,
        "courseReferenceNumber": "91051",
        "days": "0100000",
        "start": "1700",
        "end": "1945",
        "building": "CWY",
        "room": "108",
        "maximumEnrollment": 20,
        "enrollment": 0,
        "seatsAvailable": 20,
        "instructor": null,
        "email": "mw@usf.edu",
        "campus": "Tampa"
    },
    {
        "subjectDescription": "ARC-Architecture",
        "courseTitle": "Core Design I",
        "campusDescription": "Tampa",
        "scheduleTypeDescription": "Class Lecture",
        "creditHours": null,
        "courseReferenceNumber": "91052",
        "days": "0100000",
        "start": "1700",
        "end": "1945",
        "building": "CWY",
        "room": "108",
        "maximumEnrollment": 20,
        "enrollment": 0,
        "seatsAvailable": 20,
        "instructor": null,
        "email": null,
        "campus": "Tampa"
    },
    {
        "subjectDescription": "ARC-Architecture",
        "courseTitle": "Core Design III",
        "campusDescription": "Tampa",
        "scheduleTypeDescription": "Laboratory",
        "creditHours": null,
        "courseReferenceNumber": "90909",
        "days": "0100100",
        "start": "1230",
        "end": "1645",
        "building": "HMS",
        "room": "433",
        "maximumEnrollment": 20,
        "enrollment": 20,
        "seatsAvailable": 0,
        "instructor": null,
        "email": "nancysanders@usf.edu",
        "campus": "Tampa"
    },
    {
        "subjectDescription": "ARC-Architecture",
        "courseTitle": "Core Design III",
        "campusDescription": "Tampa",
        "scheduleTypeDescription": "Laboratory",
        "creditHours": null,
        "courseReferenceNumber": "91053",
        "days": "0100100",
        "start": "1230",
        "end": "1645",
        "building": "HMS",
        "room": "434",
        "maximumEnrollment": 20,
        "enrollment": 0,
        "seatsAvailable": 20,
        "instructor": null,
        "email": "jrobles@usf.edu",
        "campus": "Tampa"
    },
    {
        "subjectDescription": "ARC-Architecture",
        "courseTitle": "Core Design III",
        "campusDescription": "Tampa",
        "scheduleTypeDescription": "Laboratory",
        "creditHours": null,
        "courseReferenceNumber": "91251",
        "days": "0100100",
        "start": "1230",
        "end": "1645",
        "building": "HMS",
        "room": "433",
        "maximumEnrollment": 20,
        "enrollment": 1,
        "seatsAvailable": 19,
        "instructor": null,
        "email": null,
        "campus": "Tampa"
    },
    {
        "subjectDescription": "ARC-Architecture",
        "courseTitle": "Advanced Design/ Comprehensive Studio",
        "campusDescription": "Tampa",
        "scheduleTypeDescription": "Laboratory",
        "creditHours": null,
        "courseReferenceNumber": "95978",
        "days": "0100100",
        "start": "1300",
        "end": "1730",
        "building": "HMS",
        "room": "335",
        "maximumEnrollment": 14,
        "enrollment": 8,
        "seatsAvailable": 6,
        "instructor": null,
        "email": "cooke@usf.edu",
        "campus": "Tampa"
    },
    {
        "subjectDescription": "ARC-Architecture",
        "courseTitle": "Advanced Design/ Comprehensive Studio",
        "campusDescription": "Tampa",
        "scheduleTypeDescription": "Laboratory",
        "creditHours": 6,
        "courseReferenceNumber": "96952",
        "days": "0100100",
        "start": "1300",
        "end": "1730",
        "building": "HMS",
        "room": "335",
        "maximumEnrollment": 14,
        "enrollment": 2,
        "seatsAvailable": 12,
        "instructor": null,
        "email": "halflants@usf.edu",
        "campus": "Tampa"
    },
    {
        "subjectDescription": "ARC-Architecture",
        "courseTitle": "Advanced Design/ Comprehensive Studio",
        "campusDescription": "Tampa",
        "scheduleTypeDescription": "Laboratory",
        "creditHours": 6,
        "courseReferenceNumber": "97366",
        "days": "0101000",
        "start": "1300",
        "end": "1730",
        "building": "HMS",
        "room": "331",
        "maximumEnrollment": 14,
        "enrollment": 6,
        "seatsAvailable": 8,
        "instructor": null,
        "email": "apablosllona@usf.edu",
        "campus": "Tampa"
    },
    {
        "subjectDescription": "ARC-Architecture",
        "courseTitle": "Advanced Design/ Comprehensive Studio",
        "campusDescription": "Tampa",
        "scheduleTypeDescription": "Laboratory",
        "creditHours": 6,
        "courseReferenceNumber": "97367",
        "days": "0100100",
        "start": "1300",
        "end": "1730",
        "building": "HMS",
        "room": "332",
        "maximumEnrollment": 14,
        "enrollment": 3,
        "seatsAvailable": 11,
        "instructor": null,
        "email": "rmacleod@usf.edu",
        "campus": "Tampa"
    },
    {
        "subjectDescription": "ARC-Architecture",
        "courseTitle": "Advanced Design/ Comprehensive Studio",
        "campusDescription": "Tampa",
        "scheduleTypeDescription": "Laboratory",
        "creditHours": 6,
        "courseReferenceNumber": "97368",
        "days": "0100100",
        "start": "1300",
        "end": "1730",
        "building": "HMS",
        "room": "331",
        "maximumEnrollment": 14,
        "enrollment": 2,
        "seatsAvailable": 12,
        "instructor": null,
        "email": "trentgreen@usf.edu",
        "campus": "Tampa"
    },
    {
        "subjectDescription": "ARC-Architecture",
        "courseTitle": "Advanced Design/ Urban Design Studio",
        "campusDescription": "Tampa",
        "scheduleTypeDescription": "Laboratory",
        "creditHours": 6,
        "courseReferenceNumber": "97369",
        "days": "0100100",
        "start": "1300",
        "end": "1730",
        "building": "HMS",
        "room": "335",
        "maximumEnrollment": 14,
        "enrollment": 4,
        "seatsAvailable": 10,
        "instructor": null,
        "email": "halflants@usf.edu",
        "campus": "Tampa"
    },
    {
        "subjectDescription": "ARC-Architecture",
        "courseTitle": "Advanced Design/ Urban Design Studio",
        "campusDescription": "Tampa",
        "scheduleTypeDescription": "Laboratory",
        "creditHours": 6,
        "courseReferenceNumber": "97370",
        "days": "0100100",
        "start": "1300",
        "end": "1730",
        "building": "HMS",
        "room": "332",
        "maximumEnrollment": 14,
        "enrollment": 1,
        "seatsAvailable": 13,
        "instructor": null,
        "email": "rmacleod@usf.edu",
        "campus": "Tampa"
    },
    {
        "subjectDescription": "ARC-Architecture",
        "courseTitle": "Advanced Design/ Urban Design Studio",
        "campusDescription": "Tampa",
        "scheduleTypeDescription": "Laboratory",
        "creditHours": 6,
        "courseReferenceNumber": "97371",
        "days": "0100100",
        "start": "1300",
        "end": "1730",
        "building": "HMS",
        "room": "331",
        "maximumEnrollment": 14,
        "enrollment": 0,
        "seatsAvailable": 14,
        "instructor": null,
        "email": "apablosllona@usf.edu",
        "campus": "Tampa"
    },
    {
        "subjectDescription": "ARC-Architecture",
        "courseTitle": "Advanced Design/ Urban Design Studio",
        "campusDescription": "Tampa",
        "scheduleTypeDescription": "Laboratory",
        "creditHours": 6,
        "courseReferenceNumber": "97372",
        "days": "0100100",
        "start": "1300",
        "end": "1730",
        "building": "HMS",
        "room": "331",
        "maximumEnrollment": 14,
        "enrollment": 2,
        "seatsAvailable": 12,
        "instructor": null,
        "email": "trentgreen@usf.edu",
        "campus": "Tampa"
    },
    {
        "subjectDescription": "ARC-Architecture",
        "courseTitle": "Advanced Design/ Urban Design Studio",
        "campusDescription": "Tampa",
        "scheduleTypeDescription": "Laboratory",
        "creditHours": 6,
        "courseReferenceNumber": "97373",
        "days": "0100100",
        "start": "1300",
        "end": "1730",
        "building": "HMS",
        "room": "331",
        "maximumEnrollment": 14,
        "enrollment": 2,
        "seatsAvailable": 12,
        "instructor": null,
        "email": "apablosllona@usf.edu",
        "campus": "Tampa"
    },
    {
        "subjectDescription": "ARC-Architecture",
        "courseTitle": "Introduction to Technology",
        "campusDescription": "Tampa",
        "scheduleTypeDescription": "Class Lecture",
        "creditHours": 3,
        "courseReferenceNumber": "90910",
        "days": "0101000",
        "start": "1700",
        "end": "1815",
        "building": "SOC",
        "room": "149",
        "maximumEnrollment": 60,
        "enrollment": 0,
        "seatsAvailable": 60,
        "instructor": null,
        "email": "cooke@usf.edu",
        "campus": "Tampa"
    },
    {
        "subjectDescription": "ARC-Architecture",
        "courseTitle": "Structures I",
        "campusDescription": "Tampa",
        "scheduleTypeDescription": "Class Lecture",
        "creditHours": 3,
        "courseReferenceNumber": "91273",
        "days": "0101000",
        "start": "1100",
        "end": "1215",
        "building": "SOC",
        "room": "128",
        "maximumEnrollment": 45,
        "enrollment": 24,
        "seatsAvailable": 21,
        "instructor": null,
        "email": "roberthudson@usf.edu",
        "campus": "Tampa"
    },
    {
        "subjectDescription": "ARC-Architecture",
        "courseTitle": "Architectural History I",
        "campusDescription": "Tampa",
        "scheduleTypeDescription": "Class Lecture",
        "creditHours": 3,
        "courseReferenceNumber": "90848",
        "days": "0101000",
        "start": "1830",
        "end": "1945",
        "building": "CPR",
        "room": "115",
        "maximumEnrollment": 55,
        "enrollment": 0,
        "seatsAvailable": 55,
        "instructor": null,
        "email": null,
        "campus": "Tampa"
    },
    {
        "subjectDescription": "ARC-Architecture",
        "courseTitle": "Latin American Architecture",
        "campusDescription": "Tampa",
        "scheduleTypeDescription": "Class Lecture",
        "creditHours": 3,
        "courseReferenceNumber": "91274",
        "days": "1000000",
        "start": "1300",
        "end": "1600",
        "building": "HMS",
        "room": "112",
        "maximumEnrollment": 14,
        "enrollment": 13,
        "seatsAvailable": 1,
        "instructor": null,
        "email": "jrobles@usf.edu",
        "campus": "Tampa"
    },
    {
        "subjectDescription": "ARC-Architecture",
        "courseTitle": "Teaching Methods",
        "campusDescription": "Tampa",
        "scheduleTypeDescription": "Class Lecture",
        "creditHours": 3,
        "courseReferenceNumber": "91278",
        "days": "0000100",
        "start": "0945",
        "end": "1215",
        "building": "HMS",
        "room": "314",
        "maximumEnrollment": 14,
        "enrollment": 13,
        "seatsAvailable": 1,
        "instructor": null,
        "email": "nancysanders@usf.edu",
        "campus": "Tampa"
    },
    {
        "subjectDescription": "ARC-Architecture",
        "courseTitle": "Representing Architecture",
        "campusDescription": "Tampa",
        "scheduleTypeDescription": "Class Lecture",
        "creditHours": 3,
        "courseReferenceNumber": "93537",
        "days": "0001000",
        "start": "1230",
        "end": "1515",
        "building": "HMS",
        "room": "219",
        "maximumEnrollment": 14,
        "enrollment": 3,
        "seatsAvailable": 11,
        "instructor": null,
        "email": "jljones5@usf.edu",
        "campus": "Tampa"
    },
    {
        "subjectDescription": "ARC-Architecture",
        "courseTitle": "The Modern Project",
        "campusDescription": "Tampa",
        "scheduleTypeDescription": "Class Lecture",
        "creditHours": 3,
        "courseReferenceNumber": "93654",
        "days": "0101000",
        "start": "0930",
        "end": "1045",
        "building": "EDU",
        "room": "317",
        "maximumEnrollment": 16,
        "enrollment": 16,
        "seatsAvailable": 0,
        "instructor": null,
        "email": "rmacleod@usf.edu",
        "campus": "Tampa"
    },
    {
        "subjectDescription": "ARC-Architecture",
        "courseTitle": "Intro to Revit",
        "campusDescription": "Tampa",
        "scheduleTypeDescription": "Class Lecture",
        "creditHours": 3,
        "courseReferenceNumber": "91280",
        "days": "0001000",
        "start": "1830",
        "end": "2115",
        "building": "HMS",
        "room": "106",
        "maximumEnrollment": 20,
        "enrollment": 7,
        "seatsAvailable": 13,
        "instructor": null,
        "email": "sfallace@usf.edu",
        "campus": "Tampa"
    },
    {
        "subjectDescription": "ARC-Architecture",
        "courseTitle": "Independent Study",
        "campusDescription": "Tampa",
        "scheduleTypeDescription": "Directed Individual Study",
        "creditHours": 1,
        "courseReferenceNumber": "91372",
        "days": "0000100",
        "start": "1700",
        "end": "1815",
        "building": "HMS",
        "room": "442",
        "maximumEnrollment": 5,
        "enrollment": 0,
        "seatsAvailable": 5,
        "instructor": null,
        "email": "trentgreen@usf.edu",
        "campus": "Tampa"
    },
    {
        "subjectDescription": "ARC-Architecture",
        "courseTitle": "Professional Practice",
        "campusDescription": "Tampa",
        "scheduleTypeDescription": "Class Lecture",
        "creditHours": null,
        "courseReferenceNumber": "91029",
        "days": "0101000",
        "start": "1100",
        "end": "1215",
        "building": "SOC",
        "room": "152",
        "maximumEnrollment": 60,
        "enrollment": 21,
        "seatsAvailable": 39,
        "instructor": null,
        "email": null,
        "campus": "Tampa"
    },
    {
        "subjectDescription": "ARC-Architecture",
        "courseTitle": "Introduction to Community &amp; Urban Design",
        "campusDescription": "Tampa",
        "scheduleTypeDescription": "Class Lecture",
        "creditHours": null,
        "courseReferenceNumber": "91393",
        "days": "1010000",
        "start": "0930",
        "end": "1045",
        "building": "EDU",
        "room": "347",
        "maximumEnrollment": 60,
        "enrollment": 29,
        "seatsAvailable": 31,
        "instructor": null,
        "email": null,
        "campus": "Tampa"
    },
    {
        "subjectDescription": "ARC-Architecture",
        "courseTitle": "Design Development",
        "campusDescription": "Tampa",
        "scheduleTypeDescription": "Class Lecture",
        "creditHours": null,
        "courseReferenceNumber": "91402",
        "days": "1010000",
        "start": "1930",
        "end": "2045",
        "building": "SOC",
        "room": "131",
        "maximumEnrollment": 28,
        "enrollment": 5,
        "seatsAvailable": 23,
        "instructor": null,
        "email": "dcurrea@usf.edu",
        "campus": "Tampa"
    },
    {
        "subjectDescription": "ARC-Architecture",
        "courseTitle": "Tall Buildings in Arch &amp; Urban",
        "campusDescription": "Tampa",
        "scheduleTypeDescription": "Other",
        "creditHours": 3,
        "courseReferenceNumber": "91406",
        "days": "1010000",
        "start": "0930",
        "end": "1045",
        "building": "HMS",
        "room": "331",
        "maximumEnrollment": 14,
        "enrollment": 1,
        "seatsAvailable": 13,
        "instructor": null,
        "email": "trentgreen@usf.edu",
        "campus": "Tampa"
    },
    {
        "subjectDescription": "ARC-Architecture",
        "courseTitle": "MUCD Masters Studio",
        "campusDescription": "Tampa",
        "scheduleTypeDescription": "Other",
        "creditHours": 6,
        "courseReferenceNumber": "93702",
        "days": "0101000",
        "start": "1300",
        "end": "1730",
        "building": "HMS",
        "room": "331",
        "maximumEnrollment": 20,
        "enrollment": 0,
        "seatsAvailable": 20,
        "instructor": null,
        "email": null,
        "campus": "Tampa"
    },
    {
        "subjectDescription": "ARC-Architecture",
        "courseTitle": "Master&#39;s Project Planning",
        "campusDescription": "Tampa",
        "scheduleTypeDescription": "Discussion",
        "creditHours": 2,
        "courseReferenceNumber": "91409",
        "days": "0000010",
        "start": "0900",
        "end": "1000",
        "building": null,
        "room": null,
        "maximumEnrollment": 10,
        "enrollment": 0,
        "seatsAvailable": 10,
        "instructor": null,
        "email": "cooke@usf.edu",
        "campus": "Tampa"
    },
    {
        "subjectDescription": "ARC-Architecture",
        "courseTitle": "Master&#39;s Project Planning",
        "campusDescription": "Tampa",
        "scheduleTypeDescription": "Discussion",
        "creditHours": 2,
        "courseReferenceNumber": "91479",
        "days": "0000010",
        "start": "0900",
        "end": "1000",
        "building": null,
        "room": null,
        "maximumEnrollment": 6,
        "enrollment": 0,
        "seatsAvailable": 6,
        "instructor": null,
        "email": "trentgreen@usf.edu",
        "campus": "Tampa"
    },
    {
        "subjectDescription": "ARC-Architecture",
        "courseTitle": "Master&#39;s Project Planning",
        "campusDescription": "Tampa",
        "scheduleTypeDescription": "Discussion",
        "creditHours": null,
        "courseReferenceNumber": "91481",
        "days": "0000010",
        "start": "0900",
        "end": "1000",
        "building": null,
        "room": null,
        "maximumEnrollment": 10,
        "enrollment": 0,
        "seatsAvailable": 10,
        "instructor": null,
        "email": "halflants@usf.edu",
        "campus": "Tampa"
    },
    {
        "subjectDescription": "ARC-Architecture",
        "courseTitle": "Master&#39;s Project Planning",
        "campusDescription": "Tampa",
        "scheduleTypeDescription": "Discussion",
        "creditHours": null,
        "courseReferenceNumber": "91482",
        "days": "0000010",
        "start": "0900",
        "end": "1000",
        "building": null,
        "room": null,
        "maximumEnrollment": 10,
        "enrollment": 1,
        "seatsAvailable": 9,
        "instructor": null,
        "email": "lkara@usf.edu",
        "campus": "Tampa"
    },
    {
        "subjectDescription": "ARC-Architecture",
        "courseTitle": "Master&#39;s Project Planning",
        "campusDescription": "Tampa",
        "scheduleTypeDescription": "Discussion",
        "creditHours": 2,
        "courseReferenceNumber": "91484",
        "days": "0000010",
        "start": "0900",
        "end": "1000",
        "building": null,
        "room": null,
        "maximumEnrollment": 10,
        "enrollment": 3,
        "seatsAvailable": 7,
        "instructor": null,
        "email": "rmacleod@usf.edu",
        "campus": "Tampa"
    },
    {
        "subjectDescription": "ARC-Architecture",
        "courseTitle": "Master&#39;s Project Planning",
        "campusDescription": "Tampa",
        "scheduleTypeDescription": "Discussion",
        "creditHours": 2,
        "courseReferenceNumber": "91928",
        "days": "0000010",
        "start": "0900",
        "end": "1000",
        "building": null,
        "room": null,
        "maximumEnrollment": 10,
        "enrollment": 0,
        "seatsAvailable": 10,
        "instructor": null,
        "email": "apablosllona@usf.edu",
        "campus": "Tampa"
    },
    {
        "subjectDescription": "ARC-Architecture",
        "courseTitle": "Master&#39;s Project Planning",
        "campusDescription": "Tampa",
        "scheduleTypeDescription": "Discussion",
        "creditHours": 2,
        "courseReferenceNumber": "91972",
        "days": "0000010",
        "start": "0900",
        "end": "1000",
        "building": null,
        "room": null,
        "maximumEnrollment": 10,
        "enrollment": 0,
        "seatsAvailable": 10,
        "instructor": null,
        "email": "jrobles@usf.edu",
        "campus": "Tampa"
    },
    {
        "subjectDescription": "ARC-Architecture",
        "courseTitle": "Master&#39;s Project Planning",
        "campusDescription": "Tampa",
        "scheduleTypeDescription": "Discussion",
        "creditHours": 2,
        "courseReferenceNumber": "91975",
        "days": "0000010",
        "start": "0900",
        "end": "1000",
        "building": null,
        "room": null,
        "maximumEnrollment": 10,
        "enrollment": 1,
        "seatsAvailable": 9,
        "instructor": null,
        "email": "nancysanders@usf.edu",
        "campus": "Tampa"
    },
    {
        "subjectDescription": "ARC-Architecture",
        "courseTitle": "Master&#39;s Project Planning",
        "campusDescription": "Tampa",
        "scheduleTypeDescription": "Discussion",
        "creditHours": 2,
        "courseReferenceNumber": "91976",
        "days": "0000010",
        "start": "0900",
        "end": "1000",
        "building": null,
        "room": null,
        "maximumEnrollment": 10,
        "enrollment": 0,
        "seatsAvailable": 10,
        "instructor": null,
        "email": "mw@usf.edu",
        "campus": "Tampa"
    },
    {
        "subjectDescription": "ARC-Architecture",
        "courseTitle": "Master&#39;s Project Planning",
        "campusDescription": "Tampa",
        "scheduleTypeDescription": "Discussion",
        "creditHours": 2,
        "courseReferenceNumber": "94118",
        "days": "0000010",
        "start": "0900",
        "end": "1000",
        "building": null,
        "room": null,
        "maximumEnrollment": 5,
        "enrollment": 0,
        "seatsAvailable": 5,
        "instructor": null,
        "email": "mmcclure1@usf.edu",
        "campus": "Tampa"
    },
    {
        "subjectDescription": "ARC-Architecture",
        "courseTitle": "Terminal Master&#39;s Project",
        "campusDescription": "Tampa",
        "scheduleTypeDescription": "Laboratory",
        "creditHours": 5,
        "courseReferenceNumber": "91925",
        "days": "0100100",
        "start": "1300",
        "end": "1700",
        "building": null,
        "room": null,
        "maximumEnrollment": 5,
        "enrollment": 1,
        "seatsAvailable": 4,
        "instructor": null,
        "email": "lkara@usf.edu",
        "campus": "Tampa"
    }
]