[
    {
        "subjectDescription": "ARH-Art History",
        "courseTitle": "Art &amp; Culture",
        "campusDescription": "Off-campus - Tampa",
        "scheduleTypeDescription": "Class Lecture",
        "creditHours": null,
        "courseReferenceNumber": "88865",
        "days": "0000000",
        "start": null,
        "end": null,
        "building": "OFFT",
        "room": "OFF",
        "maximumEnrollment": 500,
        "enrollment": 25,
        "seatsAvailable": 475,
        "instructor": null,
        "email": "meredithwilbur@usf.edu",
        "campus": "Off-campus - Tampa"
    },
    {
        "subjectDescription": "ARH-Art History",
        "courseTitle": "History of Visual Arts I",
        "campusDescription": "Off-campus - Tampa",
        "scheduleTypeDescription": "Class Lecture",
        "creditHours": null,
        "courseReferenceNumber": "88327",
        "days": "0000000",
        "start": null,
        "end": null,
        "building": "OFFT",
        "room": "OFF",
        "maximumEnrollment": 500,
        "enrollment": 8,
        "seatsAvailable": 492,
        "instructor": null,
        "email": "pmerrill@usf.edu",
        "campus": "Off-campus - Tampa"
    },
    {
        "subjectDescription": "ARH-Art History",
        "courseTitle": "History of Visual Arts II",
        "campusDescription": "Off-campus - Tampa",
        "scheduleTypeDescription": "Class Lecture",
        "creditHours": null,
        "courseReferenceNumber": "88328",
        "days": "0000000",
        "start": null,
        "end": null,
        "building": "OFFT",
        "room": "OFF",
        "maximumEnrollment": 500,
        "enrollment": 16,
        "seatsAvailable": 484,
        "instructor": null,
        "email": "pmerrill@usf.edu",
        "campus": "Off-campus - Tampa"
    },
    {
        "subjectDescription": "ARH-Art History",
        "courseTitle": "Greek Art",
        "campusDescription": "Tampa",
        "scheduleTypeDescription": "Class Lecture",
        "creditHours": null,
        "courseReferenceNumber": "94863",
        "days": "0101000",
        "start": "0930",
        "end": "1045",
        "building": "FAH",
        "room": "288",
        "maximumEnrollment": 30,
        "enrollment": 12,
        "seatsAvailable": 18,
        "instructor": null,
        "email": "bundrick@usf.edu",
        "campus": "Tampa"
    },
    {
        "subjectDescription": "ARH-Art History",
        "courseTitle": "Northern Renaissance Art",
        "campusDescription": "Off-campus - Tampa",
        "scheduleTypeDescription": "Class Lecture",
        "creditHours": null,
        "courseReferenceNumber": "93166",
        "days": "0000100",
        "start": "0930",
        "end": "1200",
        "building": "OFFT",
        "room": "OFF",
        "maximumEnrollment": 30,
        "enrollment": 6,
        "seatsAvailable": 24,
        "instructor": null,
        "email": "pmerrill@usf.edu",
        "campus": "Off-campus - Tampa"
    },
    {
        "subjectDescription": "ARH-Art History",
        "courseTitle": "Baroque &amp; Rococo Art",
        "campusDescription": "Off-campus - Tampa",
        "scheduleTypeDescription": "Class Lecture",
        "creditHours": null,
        "courseReferenceNumber": "88320",
        "days": "0000100",
        "start": "1300",
        "end": "1530",
        "building": "OFFT",
        "room": "OFF",
        "maximumEnrollment": 30,
        "enrollment": 8,
        "seatsAvailable": 22,
        "instructor": null,
        "email": "pmerrill@usf.edu",
        "campus": "Off-campus - Tampa"
    },
    {
        "subjectDescription": "ARH-Art History",
        "courseTitle": "Nineteenth Century Art",
        "campusDescription": "Off-campus - Tampa",
        "scheduleTypeDescription": "Class Lecture",
        "creditHours": null,
        "courseReferenceNumber": "94864",
        "days": "1010000",
        "start": "1100",
        "end": "1215",
        "building": "OFFT",
        "room": "OFF",
        "maximumEnrollment": 30,
        "enrollment": 16,
        "seatsAvailable": 14,
        "instructor": null,
        "email": "fraser@usf.edu",
        "campus": "Off-campus - Tampa"
    },
    {
        "subjectDescription": "ARH-Art History",
        "courseTitle": "Nineteenth Century Art",
        "campusDescription": "St. Petersburg",
        "scheduleTypeDescription": "Class Lecture",
        "creditHours": null,
        "courseReferenceNumber": "96795",
        "days": "0010000",
        "start": "1830",
        "end": "2115",
        "building": "LPH",
        "room": "229",
        "maximumEnrollment": 30,
        "enrollment": 0,
        "seatsAvailable": 30,
        "instructor": null,
        "email": "meredithwilbur@usf.edu",
        "campus": "St. Petersburg"
    },
    {
        "subjectDescription": "ARH-Art History",
        "courseTitle": "Twentieth Century Art",
        "campusDescription": "Tampa",
        "scheduleTypeDescription": "Class Lecture",
        "creditHours": null,
        "courseReferenceNumber": "92073",
        "days": "0101000",
        "start": "1100",
        "end": "1215",
        "building": "FAH",
        "room": "290",
        "maximumEnrollment": 60,
        "enrollment": 21,
        "seatsAvailable": 39,
        "instructor": null,
        "email": "rmarchi@usf.edu",
        "campus": "Tampa"
    },
    {
        "subjectDescription": "ARH-Art History",
        "courseTitle": "Twentieth Century Art",
        "campusDescription": "St. Petersburg",
        "scheduleTypeDescription": "Class Lecture",
        "creditHours": null,
        "courseReferenceNumber": "89912",
        "days": "1000000",
        "start": "1830",
        "end": "2115",
        "building": "LPH",
        "room": "128",
        "maximumEnrollment": 30,
        "enrollment": 10,
        "seatsAvailable": 20,
        "instructor": null,
        "email": "meredithwilbur@usf.edu",
        "campus": "St. Petersburg"
    },
    {
        "subjectDescription": "ARH-Art History",
        "courseTitle": "Contemporary Issues in Art",
        "campusDescription": "Tampa",
        "scheduleTypeDescription": "Class Lecture",
        "creditHours": null,
        "courseReferenceNumber": "93513",
        "days": "0101000",
        "start": "0930",
        "end": "1045",
        "building": "FAH",
        "room": "290",
        "maximumEnrollment": 60,
        "enrollment": 17,
        "seatsAvailable": 43,
        "instructor": null,
        "email": null,
        "campus": "Tampa"
    },
    {
        "subjectDescription": "ARH-Art History",
        "courseTitle": "Themes in Islamic Art &amp; Architecture",
        "campusDescription": "Tampa",
        "scheduleTypeDescription": "Class Lecture",
        "creditHours": null,
        "courseReferenceNumber": "88323",
        "days": "1000000",
        "start": "0930",
        "end": "1215",
        "building": "FAH",
        "room": "290",
        "maximumEnrollment": 30,
        "enrollment": 3,
        "seatsAvailable": 27,
        "instructor": null,
        "email": "eakinkivanc@usf.edu",
        "campus": "Tampa"
    },
    {
        "subjectDescription": "ARH-Art History",
        "courseTitle": "History of Photography",
        "campusDescription": "Off-campus - Tampa",
        "scheduleTypeDescription": "Class Lecture",
        "creditHours": null,
        "courseReferenceNumber": "94852",
        "days": "0000000",
        "start": null,
        "end": null,
        "building": "OFFT",
        "room": "OFF",
        "maximumEnrollment": 45,
        "enrollment": 15,
        "seatsAvailable": 30,
        "instructor": null,
        "email": "scheatha@usf.edu",
        "campus": "Off-campus - Tampa"
    },
    {
        "subjectDescription": "ARH-Art History",
        "courseTitle": "Encountering Ancient Etruscans",
        "campusDescription": "Tampa",
        "scheduleTypeDescription": "Class Lecture",
        "creditHours": null,
        "courseReferenceNumber": "88319",
        "days": "0100000",
        "start": "1230",
        "end": "1515",
        "building": "FAH",
        "room": "227",
        "maximumEnrollment": 6,
        "enrollment": 6,
        "seatsAvailable": 0,
        "instructor": null,
        "email": "bundrick@usf.edu",
        "campus": "Tampa"
    },
    {
        "subjectDescription": "ARH-Art History",
        "courseTitle": "Cross-Cultural Interactions in",
        "campusDescription": "Tampa",
        "scheduleTypeDescription": "Class Lecture",
        "creditHours": null,
        "courseReferenceNumber": "88324",
        "days": "1000000",
        "start": "1330",
        "end": "1615",
        "building": "FAH",
        "room": "290",
        "maximumEnrollment": 6,
        "enrollment": 3,
        "seatsAvailable": 3,
        "instructor": null,
        "email": "eakinkivanc@usf.edu",
        "campus": "Tampa"
    },
    {
        "subjectDescription": "ARH-Art History",
        "courseTitle": "The Purity of Painting:",
        "campusDescription": "Tampa",
        "scheduleTypeDescription": "Class Lecture",
        "creditHours": null,
        "courseReferenceNumber": "93592",
        "days": "0100000",
        "start": "1530",
        "end": "1815",
        "building": "FAH",
        "room": "132",
        "maximumEnrollment": 6,
        "enrollment": 3,
        "seatsAvailable": 3,
        "instructor": null,
        "email": "rmarchi@usf.edu",
        "campus": "Tampa"
    },
    {
        "subjectDescription": "ARH-Art History",
        "courseTitle": "Nuns and Art",
        "campusDescription": "Tampa",
        "scheduleTypeDescription": "Class Lecture",
        "creditHours": null,
        "courseReferenceNumber": "93594",
        "days": "0001000",
        "start": "1230",
        "end": "1515",
        "building": "FAH",
        "room": "227",
        "maximumEnrollment": 6,
        "enrollment": 1,
        "seatsAvailable": 5,
        "instructor": null,
        "email": "szepe@usf.edu",
        "campus": "Tampa"
    },
    {
        "subjectDescription": "ARH-Art History",
        "courseTitle": "Art History Seminar-",
        "campusDescription": "Tampa",
        "scheduleTypeDescription": "Class Lecture",
        "creditHours": null,
        "courseReferenceNumber": "96875",
        "days": "0001000",
        "start": "1530",
        "end": "1815",
        "building": "FAH",
        "room": "132",
        "maximumEnrollment": 6,
        "enrollment": 0,
        "seatsAvailable": 6,
        "instructor": null,
        "email": null,
        "campus": "Tampa"
    },
    {
        "subjectDescription": "ARH-Art History",
        "courseTitle": "Art History Practicum",
        "campusDescription": "Off-campus - Tampa",
        "scheduleTypeDescription": "Other",
        "creditHours": null,
        "courseReferenceNumber": "88813",
        "days": "1000000",
        "start": "1800",
        "end": "1900",
        "building": "OFFT",
        "room": "OFF",
        "maximumEnrollment": 30,
        "enrollment": 3,
        "seatsAvailable": 27,
        "instructor": null,
        "email": "lewhitaker@usf.edu",
        "campus": "Off-campus - Tampa"
    },
    {
        "subjectDescription": "ARH-Art History",
        "courseTitle": "Research in Art History",
        "campusDescription": "Tampa",
        "scheduleTypeDescription": "Class Lecture",
        "creditHours": null,
        "courseReferenceNumber": "88326",
        "days": "0010000",
        "start": "1330",
        "end": "1715",
        "building": "FAH",
        "room": "227",
        "maximumEnrollment": 20,
        "enrollment": 0,
        "seatsAvailable": 20,
        "instructor": null,
        "email": "fraser@usf.edu",
        "campus": "Tampa"
    },
    {
        "subjectDescription": "ARH-Art History",
        "courseTitle": "Art History",
        "campusDescription": "Tampa",
        "scheduleTypeDescription": "Directed Individual Study",
        "creditHours": null,
        "courseReferenceNumber": "88819",
        "days": "0000100",
        "start": "0900",
        "end": "1200",
        "building": "FAH",
        "room": "227",
        "maximumEnrollment": 5,
        "enrollment": 0,
        "seatsAvailable": 5,
        "instructor": null,
        "email": "eakinkivanc@usf.edu",
        "campus": "Tampa"
    },
    {
        "subjectDescription": "ARH-Art History",
        "courseTitle": "Art History",
        "campusDescription": "Tampa",
        "scheduleTypeDescription": "Directed Individual Study",
        "creditHours": null,
        "courseReferenceNumber": "88821",
        "days": "0000100",
        "start": "0900",
        "end": "1200",
        "building": "FAH",
        "room": "227",
        "maximumEnrollment": 5,
        "enrollment": 0,
        "seatsAvailable": 5,
        "instructor": null,
        "email": "bundrick@usf.edu",
        "campus": "Tampa"
    },
    {
        "subjectDescription": "ARH-Art History",
        "courseTitle": "Art History",
        "campusDescription": "Tampa",
        "scheduleTypeDescription": "Directed Individual Study",
        "creditHours": null,
        "courseReferenceNumber": "88822",
        "days": "0000100",
        "start": "0900",
        "end": "1200",
        "building": "FAH",
        "room": "227",
        "maximumEnrollment": 5,
        "enrollment": 0,
        "seatsAvailable": 5,
        "instructor": null,
        "email": "fraser@usf.edu",
        "campus": "Tampa"
    },
    {
        "subjectDescription": "ARH-Art History",
        "courseTitle": "Art History",
        "campusDescription": "Tampa",
        "scheduleTypeDescription": "Directed Individual Study",
        "creditHours": null,
        "courseReferenceNumber": "88824",
        "days": "0000100",
        "start": "0900",
        "end": "1200",
        "building": "FAH",
        "room": "227",
        "maximumEnrollment": 5,
        "enrollment": 0,
        "seatsAvailable": 5,
        "instructor": null,
        "email": "rmarchi@usf.edu",
        "campus": "Tampa"
    },
    {
        "subjectDescription": "ARH-Art History",
        "courseTitle": "Art History",
        "campusDescription": "Tampa",
        "scheduleTypeDescription": "Directed Individual Study",
        "creditHours": null,
        "courseReferenceNumber": "88828",
        "days": "0000100",
        "start": "0900",
        "end": "1200",
        "building": "FAH",
        "room": "227",
        "maximumEnrollment": 5,
        "enrollment": 0,
        "seatsAvailable": 5,
        "instructor": null,
        "email": "pmerrill@usf.edu",
        "campus": "Tampa"
    },
    {
        "subjectDescription": "ARH-Art History",
        "courseTitle": "Art History",
        "campusDescription": "Tampa",
        "scheduleTypeDescription": "Directed Individual Study",
        "creditHours": null,
        "courseReferenceNumber": "96358",
        "days": "0000100",
        "start": "0900",
        "end": "1200",
        "building": "FAH",
        "room": "227",
        "maximumEnrollment": 5,
        "enrollment": 0,
        "seatsAvailable": 5,
        "instructor": null,
        "email": "szepe@usf.edu",
        "campus": "Tampa"
    },
    {
        "subjectDescription": "ARH-Art History",
        "courseTitle": "Art History",
        "campusDescription": "Tampa",
        "scheduleTypeDescription": "Directed Individual Study",
        "creditHours": null,
        "courseReferenceNumber": "95713",
        "days": "0000100",
        "start": "0900",
        "end": "1200",
        "building": "FAH",
        "room": "227",
        "maximumEnrollment": 5,
        "enrollment": 0,
        "seatsAvailable": 5,
        "instructor": null,
        "email": null,
        "campus": "Tampa"
    },
    {
        "subjectDescription": "ARH-Art History",
        "courseTitle": "Encountering Ancient Etruscans",
        "campusDescription": "Tampa",
        "scheduleTypeDescription": "Discussion",
        "creditHours": null,
        "courseReferenceNumber": "88318",
        "days": "0100000",
        "start": "1230",
        "end": "1615",
        "building": "FAH",
        "room": "227",
        "maximumEnrollment": 6,
        "enrollment": 0,
        "seatsAvailable": 6,
        "instructor": null,
        "email": "bundrick@usf.edu",
        "campus": "Tampa"
    },
    {
        "subjectDescription": "ARH-Art History",
        "courseTitle": "Cross-Cultural Interactions in",
        "campusDescription": "Tampa",
        "scheduleTypeDescription": "Discussion",
        "creditHours": null,
        "courseReferenceNumber": "88325",
        "days": "1000000",
        "start": "1330",
        "end": "1715",
        "building": "FAH",
        "room": "290",
        "maximumEnrollment": 6,
        "enrollment": 0,
        "seatsAvailable": 6,
        "instructor": null,
        "email": "eakinkivanc@usf.edu",
        "campus": "Tampa"
    },
    {
        "subjectDescription": "ARH-Art History",
        "courseTitle": "The Purity of Painting:",
        "campusDescription": "Tampa",
        "scheduleTypeDescription": "Discussion",
        "creditHours": null,
        "courseReferenceNumber": "93593",
        "days": "0100000",
        "start": "1530",
        "end": "1915",
        "building": "FAH",
        "room": "132",
        "maximumEnrollment": 6,
        "enrollment": 0,
        "seatsAvailable": 6,
        "instructor": null,
        "email": "rmarchi@usf.edu",
        "campus": "Tampa"
    },
    {
        "subjectDescription": "ARH-Art History",
        "courseTitle": "Nuns and Art",
        "campusDescription": "Tampa",
        "scheduleTypeDescription": "Discussion",
        "creditHours": null,
        "courseReferenceNumber": "93595",
        "days": "0001000",
        "start": "1230",
        "end": "1615",
        "building": "FAH",
        "room": "227",
        "maximumEnrollment": 6,
        "enrollment": 0,
        "seatsAvailable": 6,
        "instructor": null,
        "email": "szepe@usf.edu",
        "campus": "Tampa"
    },
    {
        "subjectDescription": "ARH-Art History",
        "courseTitle": "Critical Studies In Art Hist",
        "campusDescription": "Tampa",
        "scheduleTypeDescription": "Discussion",
        "creditHours": null,
        "courseReferenceNumber": "95712",
        "days": "0001000",
        "start": "1530",
        "end": "1915",
        "building": "FAH",
        "room": "132",
        "maximumEnrollment": 6,
        "enrollment": 0,
        "seatsAvailable": 6,
        "instructor": null,
        "email": null,
        "campus": "Tampa"
    },
    {
        "subjectDescription": "ARH-Art History",
        "courseTitle": "Graduate Qualifying Research &amp; Writing",
        "campusDescription": "Tampa",
        "scheduleTypeDescription": "Class Lecture",
        "creditHours": null,
        "courseReferenceNumber": "95469",
        "days": "0000100",
        "start": "0900",
        "end": "1100",
        "building": "FAH",
        "room": "227",
        "maximumEnrollment": 1,
        "enrollment": 0,
        "seatsAvailable": 1,
        "instructor": null,
        "email": "eakinkivanc@usf.edu",
        "campus": "Tampa"
    }
]