[
    {
        "subjectDescription": "ART-Art",
        "courseTitle": "Concepts &amp; Practices I",
        "campusDescription": "Tampa",
        "scheduleTypeDescription": "Class Lecture",
        "creditHours": null,
        "courseReferenceNumber": "88756",
        "days": "1010000",
        "start": "0930",
        "end": "1215",
        "building": "FAH",
        "room": "104",
        "maximumEnrollment": 18,
        "enrollment": 0,
        "seatsAvailable": 18,
        "instructor": null,
        "email": "lmeckling@usf.edu",
        "campus": "Tampa"
    },
    {
        "subjectDescription": "ART-Art",
        "courseTitle": "Concepts &amp; Practices I",
        "campusDescription": "Tampa",
        "scheduleTypeDescription": "Class Lecture",
        "creditHours": null,
        "courseReferenceNumber": "88758",
        "days": "1010000",
        "start": "1230",
        "end": "1515",
        "building": "FAH",
        "room": "104",
        "maximumEnrollment": 18,
        "enrollment": 0,
        "seatsAvailable": 18,
        "instructor": null,
        "email": "lmeckling@usf.edu",
        "campus": "Tampa"
    },
    {
        "subjectDescription": "ART-Art",
        "courseTitle": "Concepts &amp; Practices I",
        "campusDescription": "St. Petersburg",
        "scheduleTypeDescription": "Class Lecture",
        "creditHours": null,
        "courseReferenceNumber": "96969",
        "days": "1010000",
        "start": "0800",
        "end": "1045",
        "building": "HBR",
        "room": "103",
        "maximumEnrollment": 19,
        "enrollment": 0,
        "seatsAvailable": 19,
        "instructor": null,
        "email": "winterm2@usf.edu",
        "campus": "St. Petersburg"
    },
    {
        "subjectDescription": "ART-Art",
        "courseTitle": "Concepts &amp; Practices I",
        "campusDescription": "Off-campus - Tampa",
        "scheduleTypeDescription": "Class Lecture",
        "creditHours": null,
        "courseReferenceNumber": "88330",
        "days": "0000000",
        "start": null,
        "end": null,
        "building": "OFFT",
        "room": "OFF",
        "maximumEnrollment": 500,
        "enrollment": 6,
        "seatsAvailable": 494,
        "instructor": null,
        "email": "scheatha@usf.edu",
        "campus": "Off-campus - Tampa"
    },
    {
        "subjectDescription": "ART-Art",
        "courseTitle": "Concepts &amp; Practices II",
        "campusDescription": "Tampa",
        "scheduleTypeDescription": "Class Lecture",
        "creditHours": null,
        "courseReferenceNumber": "88759",
        "days": "1010000",
        "start": "1530",
        "end": "1815",
        "building": "FAH",
        "room": "104",
        "maximumEnrollment": 18,
        "enrollment": 3,
        "seatsAvailable": 15,
        "instructor": null,
        "email": "lmeckling@usf.edu",
        "campus": "Tampa"
    },
    {
        "subjectDescription": "ART-Art",
        "courseTitle": "Concepts &amp; Practices II",
        "campusDescription": "Tampa",
        "scheduleTypeDescription": "Class Lecture",
        "creditHours": null,
        "courseReferenceNumber": "88760",
        "days": "0101000",
        "start": "0930",
        "end": "1215",
        "building": "FAH",
        "room": "104",
        "maximumEnrollment": 18,
        "enrollment": 0,
        "seatsAvailable": 18,
        "instructor": null,
        "email": "farcus@usf.edu",
        "campus": "Tampa"
    },
    {
        "subjectDescription": "ART-Art",
        "courseTitle": "Concepts &amp; Practices II",
        "campusDescription": "Tampa",
        "scheduleTypeDescription": "Class Lecture",
        "creditHours": null,
        "courseReferenceNumber": "88762",
        "days": "0101000",
        "start": "1230",
        "end": "1515",
        "building": "FAH",
        "room": "104",
        "maximumEnrollment": 18,
        "enrollment": 6,
        "seatsAvailable": 12,
        "instructor": null,
        "email": "farcus@usf.edu",
        "campus": "Tampa"
    },
    {
        "subjectDescription": "ART-Art",
        "courseTitle": "Concepts &amp; Practices II",
        "campusDescription": "Tampa",
        "scheduleTypeDescription": "Class Lecture",
        "creditHours": null,
        "courseReferenceNumber": "88763",
        "days": "0101000",
        "start": "1530",
        "end": "1815",
        "building": "FAH",
        "room": "104",
        "maximumEnrollment": 18,
        "enrollment": 2,
        "seatsAvailable": 16,
        "instructor": null,
        "email": "tmillspa@usf.edu",
        "campus": "Tampa"
    },
    {
        "subjectDescription": "ART-Art",
        "courseTitle": "Illustration I",
        "campusDescription": "St. Petersburg",
        "scheduleTypeDescription": "Class Lecture",
        "creditHours": null,
        "courseReferenceNumber": "93167",
        "days": "0101000",
        "start": "1100",
        "end": "1345",
        "building": "HBR",
        "room": "143",
        "maximumEnrollment": 19,
        "enrollment": 4,
        "seatsAvailable": 15,
        "instructor": null,
        "email": "stankoj@usf.edu",
        "campus": "St. Petersburg"
    },
    {
        "subjectDescription": "ART-Art",
        "courseTitle": "Beginning Drawing",
        "campusDescription": "Tampa",
        "scheduleTypeDescription": "Class Lecture",
        "creditHours": null,
        "courseReferenceNumber": "88728",
        "days": "1010000",
        "start": "1530",
        "end": "1815",
        "building": "FAH",
        "room": "281",
        "maximumEnrollment": 18,
        "enrollment": 2,
        "seatsAvailable": 16,
        "instructor": null,
        "email": null,
        "campus": "Tampa"
    },
    {
        "subjectDescription": "ART-Art",
        "courseTitle": "Beginning Drawing",
        "campusDescription": "Tampa",
        "scheduleTypeDescription": "Class Lecture",
        "creditHours": null,
        "courseReferenceNumber": "88734",
        "days": "1010000",
        "start": "1230",
        "end": "1515",
        "building": "FAH",
        "room": "281",
        "maximumEnrollment": 18,
        "enrollment": 1,
        "seatsAvailable": 17,
        "instructor": null,
        "email": null,
        "campus": "Tampa"
    },
    {
        "subjectDescription": "ART-Art",
        "courseTitle": "Beginning Drawing",
        "campusDescription": "St. Petersburg",
        "scheduleTypeDescription": "Class Lecture",
        "creditHours": null,
        "courseReferenceNumber": "94815",
        "days": "1010000",
        "start": "1800",
        "end": "2045",
        "building": "HBR",
        "room": "131",
        "maximumEnrollment": 17,
        "enrollment": 0,
        "seatsAvailable": 17,
        "instructor": null,
        "email": "madorsey@usf.edu",
        "campus": "St. Petersburg"
    },
    {
        "subjectDescription": "ART-Art",
        "courseTitle": "Beginning Drawing",
        "campusDescription": "St. Petersburg",
        "scheduleTypeDescription": "Class Lecture",
        "creditHours": null,
        "courseReferenceNumber": "94854",
        "days": "0101000",
        "start": "0800",
        "end": "1045",
        "building": "HBR",
        "room": "103",
        "maximumEnrollment": 19,
        "enrollment": 0,
        "seatsAvailable": 19,
        "instructor": null,
        "email": "mabatty@usf.edu",
        "campus": "St. Petersburg"
    },
    {
        "subjectDescription": "ART-Art",
        "courseTitle": "Beginning Printmaking",
        "campusDescription": "Tampa",
        "scheduleTypeDescription": "Laboratory",
        "creditHours": null,
        "courseReferenceNumber": "90611",
        "days": "1010000",
        "start": "0930",
        "end": "1215",
        "building": "FAH",
        "room": "145",
        "maximumEnrollment": 18,
        "enrollment": 2,
        "seatsAvailable": 16,
        "instructor": null,
        "email": "annabelleschafer@usf.edu",
        "campus": "Tampa"
    },
    {
        "subjectDescription": "ART-Art",
        "courseTitle": "Beginning Printmaking",
        "campusDescription": "Tampa",
        "scheduleTypeDescription": "Laboratory",
        "creditHours": null,
        "courseReferenceNumber": "90621",
        "days": "1010000",
        "start": "1230",
        "end": "1515",
        "building": "FAH",
        "room": "145",
        "maximumEnrollment": 18,
        "enrollment": 2,
        "seatsAvailable": 16,
        "instructor": null,
        "email": "tmesapajan@usf.edu",
        "campus": "Tampa"
    },
    {
        "subjectDescription": "ART-Art",
        "courseTitle": "Beginning Printmaking",
        "campusDescription": "St. Petersburg",
        "scheduleTypeDescription": "Laboratory",
        "creditHours": null,
        "courseReferenceNumber": "89937",
        "days": "0101000",
        "start": "1100",
        "end": "1345",
        "building": "HBR",
        "room": "142",
        "maximumEnrollment": 8,
        "enrollment": 3,
        "seatsAvailable": 5,
        "instructor": null,
        "email": "egreenbe@usf.edu",
        "campus": "St. Petersburg"
    },
    {
        "subjectDescription": "ART-Art",
        "courseTitle": "Beginning Printmaking",
        "campusDescription": "St. Petersburg",
        "scheduleTypeDescription": "Laboratory",
        "creditHours": null,
        "courseReferenceNumber": "89945",
        "days": "1010000",
        "start": "1800",
        "end": "2045",
        "building": "HBR",
        "room": "142",
        "maximumEnrollment": 13,
        "enrollment": 0,
        "seatsAvailable": 13,
        "instructor": null,
        "email": "jgiroux@usf.edu",
        "campus": "St. Petersburg"
    },
    {
        "subjectDescription": "ART-Art",
        "courseTitle": "Beginning Printmaking",
        "campusDescription": "St. Petersburg",
        "scheduleTypeDescription": "Laboratory",
        "creditHours": null,
        "courseReferenceNumber": "97196",
        "days": "0101000",
        "start": "1400",
        "end": "1645",
        "building": "HBR",
        "room": "142",
        "maximumEnrollment": 13,
        "enrollment": 1,
        "seatsAvailable": 12,
        "instructor": null,
        "email": null,
        "campus": "St. Petersburg"
    },
    {
        "subjectDescription": "ART-Art",
        "courseTitle": "Beginning Printmaking",
        "campusDescription": "St. Petersburg",
        "scheduleTypeDescription": "Laboratory",
        "creditHours": null,
        "courseReferenceNumber": "97197",
        "days": "0101000",
        "start": "1800",
        "end": "2045",
        "building": "HBR",
        "room": "142",
        "maximumEnrollment": 13,
        "enrollment": 1,
        "seatsAvailable": 12,
        "instructor": null,
        "email": null,
        "campus": "St. Petersburg"
    },
    {
        "subjectDescription": "ART-Art",
        "courseTitle": "Painting I",
        "campusDescription": "Tampa",
        "scheduleTypeDescription": "Class Lecture",
        "creditHours": null,
        "courseReferenceNumber": "88715",
        "days": "1010000",
        "start": "0930",
        "end": "1215",
        "building": "FAH",
        "room": "291",
        "maximumEnrollment": 18,
        "enrollment": 2,
        "seatsAvailable": 16,
        "instructor": null,
        "email": "mgotshall@usf.edu",
        "campus": "Tampa"
    },
    {
        "subjectDescription": "ART-Art",
        "courseTitle": "Painting I",
        "campusDescription": "Tampa",
        "scheduleTypeDescription": "Class Lecture",
        "creditHours": null,
        "courseReferenceNumber": "88721",
        "days": "1010000",
        "start": "1230",
        "end": "1515",
        "building": "FAH",
        "room": "291",
        "maximumEnrollment": 18,
        "enrollment": 5,
        "seatsAvailable": 13,
        "instructor": null,
        "email": "laurengourgues@usf.edu",
        "campus": "Tampa"
    },
    {
        "subjectDescription": "ART-Art",
        "courseTitle": "Painting I",
        "campusDescription": "St. Petersburg",
        "scheduleTypeDescription": "Class Lecture",
        "creditHours": null,
        "courseReferenceNumber": "94812",
        "days": "1010000",
        "start": "1400",
        "end": "1645",
        "building": "HBR",
        "room": "103",
        "maximumEnrollment": 19,
        "enrollment": 0,
        "seatsAvailable": 19,
        "instructor": null,
        "email": "tmillspa@usf.edu",
        "campus": "St. Petersburg"
    },
    {
        "subjectDescription": "ART-Art",
        "courseTitle": "Painting I",
        "campusDescription": "Off-campus - Tampa",
        "scheduleTypeDescription": "Class Lecture",
        "creditHours": null,
        "courseReferenceNumber": "88723",
        "days": "0000000",
        "start": null,
        "end": null,
        "building": "OFFT",
        "room": "OFF",
        "maximumEnrollment": 100,
        "enrollment": 6,
        "seatsAvailable": 94,
        "instructor": null,
        "email": "ezraj@usf.edu",
        "campus": "Off-campus - Tampa"
    },
    {
        "subjectDescription": "ART-Art",
        "courseTitle": "Beginning Film &amp; Video",
        "campusDescription": "Tampa",
        "scheduleTypeDescription": "Class Lecture",
        "creditHours": null,
        "courseReferenceNumber": "95185",
        "days": "1010000",
        "start": "0930",
        "end": "1215",
        "building": "FAH",
        "room": "279",
        "maximumEnrollment": 16,
        "enrollment": 1,
        "seatsAvailable": 15,
        "instructor": null,
        "email": "anat@usf.edu",
        "campus": "Tampa"
    },
    {
        "subjectDescription": "ART-Art",
        "courseTitle": "Beginning Film &amp; Video",
        "campusDescription": "Tampa",
        "scheduleTypeDescription": "Class Lecture",
        "creditHours": null,
        "courseReferenceNumber": "95186",
        "days": "1010000",
        "start": "1530",
        "end": "1815",
        "building": "FAH",
        "room": "279",
        "maximumEnrollment": 16,
        "enrollment": 0,
        "seatsAvailable": 16,
        "instructor": null,
        "email": "michaellonchar@usf.edu",
        "campus": "Tampa"
    },
    {
        "subjectDescription": "ART-Art",
        "courseTitle": "Beginning Film &amp; Video",
        "campusDescription": "Tampa",
        "scheduleTypeDescription": "Class Lecture",
        "creditHours": null,
        "courseReferenceNumber": "95187",
        "days": "0101000",
        "start": "0930",
        "end": "1215",
        "building": "FAH",
        "room": "279",
        "maximumEnrollment": 16,
        "enrollment": 1,
        "seatsAvailable": 15,
        "instructor": null,
        "email": "susannawallin@usf.edu",
        "campus": "Tampa"
    },
    {
        "subjectDescription": "ART-Art",
        "courseTitle": "Beginning Film &amp; Video",
        "campusDescription": "Tampa",
        "scheduleTypeDescription": "Class Lecture",
        "creditHours": null,
        "courseReferenceNumber": "96938",
        "days": "0101000",
        "start": "1530",
        "end": "1815",
        "building": "FAH",
        "room": "279",
        "maximumEnrollment": 16,
        "enrollment": 1,
        "seatsAvailable": 15,
        "instructor": null,
        "email": "michaellonchar@usf.edu",
        "campus": "Tampa"
    },
    {
        "subjectDescription": "ART-Art",
        "courseTitle": "Beginning Sculpture",
        "campusDescription": "Tampa",
        "scheduleTypeDescription": "Class Lecture",
        "creditHours": null,
        "courseReferenceNumber": "89175",
        "days": "1010000",
        "start": "0930",
        "end": "1215",
        "building": "FAH",
        "room": "142",
        "maximumEnrollment": 18,
        "enrollment": 2,
        "seatsAvailable": 16,
        "instructor": null,
        "email": "willis15@usf.edu",
        "campus": "Tampa"
    },
    {
        "subjectDescription": "ART-Art",
        "courseTitle": "Beginning Sculpture",
        "campusDescription": "Tampa",
        "scheduleTypeDescription": "Class Lecture",
        "creditHours": null,
        "courseReferenceNumber": "89176",
        "days": "0101000",
        "start": "1530",
        "end": "1815",
        "building": "FAH",
        "room": "142",
        "maximumEnrollment": 18,
        "enrollment": 1,
        "seatsAvailable": 17,
        "instructor": null,
        "email": null,
        "campus": "Tampa"
    },
    {
        "subjectDescription": "ART-Art",
        "courseTitle": "Beginning Sculpture",
        "campusDescription": "Tampa",
        "scheduleTypeDescription": "Class Lecture",
        "creditHours": null,
        "courseReferenceNumber": "89177",
        "days": "0101000",
        "start": "0930",
        "end": "1215",
        "building": "FAH",
        "room": "142",
        "maximumEnrollment": 18,
        "enrollment": 1,
        "seatsAvailable": 17,
        "instructor": null,
        "email": "michaellonchar@usf.edu",
        "campus": "Tampa"
    },
    {
        "subjectDescription": "ART-Art",
        "courseTitle": "Beginning Ceramics",
        "campusDescription": "Tampa",
        "scheduleTypeDescription": "Class Lecture",
        "creditHours": null,
        "courseReferenceNumber": "89828",
        "days": "0101000",
        "start": "0930",
        "end": "1215",
        "building": "FAH",
        "room": "138",
        "maximumEnrollment": 18,
        "enrollment": 1,
        "seatsAvailable": 17,
        "instructor": null,
        "email": "gracevarner@usf.edu",
        "campus": "Tampa"
    },
    {
        "subjectDescription": "ART-Art",
        "courseTitle": "Beginning Ceramics",
        "campusDescription": "Tampa",
        "scheduleTypeDescription": "Class Lecture",
        "creditHours": null,
        "courseReferenceNumber": "89829",
        "days": "0101000",
        "start": "1230",
        "end": "1515",
        "building": "FAH",
        "room": "138",
        "maximumEnrollment": 18,
        "enrollment": 11,
        "seatsAvailable": 7,
        "instructor": null,
        "email": "szyszko@usf.edu",
        "campus": "Tampa"
    },
    {
        "subjectDescription": "ART-Art",
        "courseTitle": "Beginning Ceramics",
        "campusDescription": "Tampa",
        "scheduleTypeDescription": "Class Lecture",
        "creditHours": null,
        "courseReferenceNumber": "94850",
        "days": "0101000",
        "start": "1530",
        "end": "1815",
        "building": "FAH",
        "room": "138",
        "maximumEnrollment": 18,
        "enrollment": 1,
        "seatsAvailable": 17,
        "instructor": null,
        "email": "eappiah44@usf.edu",
        "campus": "Tampa"
    },
    {
        "subjectDescription": "ART-Art",
        "courseTitle": "Intermediate Drawing",
        "campusDescription": "Tampa",
        "scheduleTypeDescription": "Class Lecture",
        "creditHours": null,
        "courseReferenceNumber": "88729",
        "days": "1010000",
        "start": "0930",
        "end": "1215",
        "building": "FAH",
        "room": "281",
        "maximumEnrollment": 18,
        "enrollment": 5,
        "seatsAvailable": 13,
        "instructor": null,
        "email": null,
        "campus": "Tampa"
    },
    {
        "subjectDescription": "ART-Art",
        "courseTitle": "Intermediate Drawing",
        "campusDescription": "Tampa",
        "scheduleTypeDescription": "Class Lecture",
        "creditHours": null,
        "courseReferenceNumber": "88730",
        "days": "0101000",
        "start": "1530",
        "end": "1815",
        "building": "FAH",
        "room": "281",
        "maximumEnrollment": 18,
        "enrollment": 5,
        "seatsAvailable": 13,
        "instructor": null,
        "email": null,
        "campus": "Tampa"
    },
    {
        "subjectDescription": "ART-Art",
        "courseTitle": "Intermediate Drawing",
        "campusDescription": "Tampa",
        "scheduleTypeDescription": "Class Lecture",
        "creditHours": null,
        "courseReferenceNumber": "88731",
        "days": "0101000",
        "start": "1230",
        "end": "1515",
        "building": "FAH",
        "room": "281",
        "maximumEnrollment": 18,
        "enrollment": 11,
        "seatsAvailable": 7,
        "instructor": null,
        "email": "nb2@usf.edu",
        "campus": "Tampa"
    },
    {
        "subjectDescription": "ART-Art",
        "courseTitle": "Intermediate Drawing",
        "campusDescription": "Tampa",
        "scheduleTypeDescription": "Class Lecture",
        "creditHours": null,
        "courseReferenceNumber": "88732",
        "days": "0101000",
        "start": "0930",
        "end": "1215",
        "building": "FAH",
        "room": "281",
        "maximumEnrollment": 18,
        "enrollment": 1,
        "seatsAvailable": 17,
        "instructor": null,
        "email": null,
        "campus": "Tampa"
    },
    {
        "subjectDescription": "ART-Art",
        "courseTitle": "Intermediate Drawing",
        "campusDescription": "Tampa",
        "scheduleTypeDescription": "Class Lecture",
        "creditHours": null,
        "courseReferenceNumber": "93475",
        "days": "0101000",
        "start": "1830",
        "end": "2115",
        "building": "FAH",
        "room": "281",
        "maximumEnrollment": 18,
        "enrollment": 4,
        "seatsAvailable": 14,
        "instructor": null,
        "email": null,
        "campus": "Tampa"
    },
    {
        "subjectDescription": "ART-Art",
        "courseTitle": "Intermediate Drawing",
        "campusDescription": "St. Petersburg",
        "scheduleTypeDescription": "Class Lecture",
        "creditHours": null,
        "courseReferenceNumber": "94814",
        "days": "1010000",
        "start": "1100",
        "end": "1345",
        "building": "HBR",
        "room": "103",
        "maximumEnrollment": 19,
        "enrollment": 2,
        "seatsAvailable": 17,
        "instructor": null,
        "email": "tmillspa@usf.edu",
        "campus": "St. Petersburg"
    },
    {
        "subjectDescription": "ART-Art",
        "courseTitle": "Intermediate Drawing",
        "campusDescription": "St. Petersburg",
        "scheduleTypeDescription": "Class Lecture",
        "creditHours": null,
        "courseReferenceNumber": "94816",
        "days": "1010000",
        "start": "1400",
        "end": "1645",
        "building": "HBR",
        "room": "131",
        "maximumEnrollment": 17,
        "enrollment": 2,
        "seatsAvailable": 15,
        "instructor": null,
        "email": "madorsey@usf.edu",
        "campus": "St. Petersburg"
    },
    {
        "subjectDescription": "ART-Art",
        "courseTitle": "Intermediate Drawing",
        "campusDescription": "St. Petersburg",
        "scheduleTypeDescription": "Class Lecture",
        "creditHours": null,
        "courseReferenceNumber": "97392",
        "days": "0101000",
        "start": "1100",
        "end": "1345",
        "building": "HBR",
        "room": "103",
        "maximumEnrollment": 19,
        "enrollment": 1,
        "seatsAvailable": 18,
        "instructor": null,
        "email": "madorsey@usf.edu",
        "campus": "St. Petersburg"
    },
    {
        "subjectDescription": "ART-Art",
        "courseTitle": "Intermediate Drawing",
        "campusDescription": "St. Petersburg",
        "scheduleTypeDescription": "Class Lecture",
        "creditHours": null,
        "courseReferenceNumber": "95785",
        "days": "1010000",
        "start": "1800",
        "end": "2045",
        "building": "HBR",
        "room": "103",
        "maximumEnrollment": 19,
        "enrollment": 1,
        "seatsAvailable": 18,
        "instructor": null,
        "email": "tmillspa@usf.edu",
        "campus": "St. Petersburg"
    },
    {
        "subjectDescription": "ART-Art",
        "courseTitle": "Intermediate Printmaking",
        "campusDescription": "Tampa",
        "scheduleTypeDescription": "Laboratory",
        "creditHours": null,
        "courseReferenceNumber": "90615",
        "days": "1010000",
        "start": "1530",
        "end": "1815",
        "building": "FAH",
        "room": "145",
        "maximumEnrollment": 18,
        "enrollment": 5,
        "seatsAvailable": 13,
        "instructor": null,
        "email": "annorman@usf.edu",
        "campus": "Tampa"
    },
    {
        "subjectDescription": "ART-Art",
        "courseTitle": "Intermediate Printmaking",
        "campusDescription": "Tampa",
        "scheduleTypeDescription": "Laboratory",
        "creditHours": null,
        "courseReferenceNumber": "94009",
        "days": "0101000",
        "start": "1230",
        "end": "1515",
        "building": "FAH",
        "room": "145",
        "maximumEnrollment": 18,
        "enrollment": 8,
        "seatsAvailable": 10,
        "instructor": null,
        "email": "tmesapajan@usf.edu",
        "campus": "Tampa"
    },
    {
        "subjectDescription": "ART-Art",
        "courseTitle": "Intermediate Printmaking",
        "campusDescription": "Tampa",
        "scheduleTypeDescription": "Laboratory",
        "creditHours": null,
        "courseReferenceNumber": "95138",
        "days": "0101000",
        "start": "1530",
        "end": "1815",
        "building": "FAH",
        "room": "145",
        "maximumEnrollment": 8,
        "enrollment": 4,
        "seatsAvailable": 4,
        "instructor": null,
        "email": "tmesapajan@usf.edu",
        "campus": "Tampa"
    },
    {
        "subjectDescription": "ART-Art",
        "courseTitle": "Intermediate Printmaking",
        "campusDescription": "St. Petersburg",
        "scheduleTypeDescription": "Laboratory",
        "creditHours": null,
        "courseReferenceNumber": "97374",
        "days": "0101000",
        "start": "1100",
        "end": "1345",
        "building": "HBR",
        "room": "142",
        "maximumEnrollment": 5,
        "enrollment": 1,
        "seatsAvailable": 4,
        "instructor": null,
        "email": "egreenbe@usf.edu",
        "campus": "St. Petersburg"
    },
    {
        "subjectDescription": "ART-Art",
        "courseTitle": "Intermediate Painting",
        "campusDescription": "Tampa",
        "scheduleTypeDescription": "Class Lecture",
        "creditHours": null,
        "courseReferenceNumber": "88709",
        "days": "1010000",
        "start": "1530",
        "end": "1815",
        "building": "FAH",
        "room": "291",
        "maximumEnrollment": 18,
        "enrollment": 4,
        "seatsAvailable": 14,
        "instructor": null,
        "email": "rosenow1@usf.edu",
        "campus": "Tampa"
    },
    {
        "subjectDescription": "ART-Art",
        "courseTitle": "Intermediate Painting",
        "campusDescription": "Tampa",
        "scheduleTypeDescription": "Class Lecture",
        "creditHours": null,
        "courseReferenceNumber": "88711",
        "days": "1010000",
        "start": "1830",
        "end": "2115",
        "building": "FAH",
        "room": "291",
        "maximumEnrollment": 18,
        "enrollment": 4,
        "seatsAvailable": 14,
        "instructor": null,
        "email": "rosenow1@usf.edu",
        "campus": "Tampa"
    },
    {
        "subjectDescription": "ART-Art",
        "courseTitle": "Intermediate Painting",
        "campusDescription": "Tampa",
        "scheduleTypeDescription": "Class Lecture",
        "creditHours": null,
        "courseReferenceNumber": "88726",
        "days": "0101000",
        "start": "0930",
        "end": "1215",
        "building": "FAH",
        "room": "291",
        "maximumEnrollment": 18,
        "enrollment": 4,
        "seatsAvailable": 14,
        "instructor": null,
        "email": "woo@usf.edu",
        "campus": "Tampa"
    },
    {
        "subjectDescription": "ART-Art",
        "courseTitle": "Intermediate Painting",
        "campusDescription": "Tampa",
        "scheduleTypeDescription": "Class Lecture",
        "creditHours": null,
        "courseReferenceNumber": "94847",
        "days": "0101000",
        "start": "1530",
        "end": "1815",
        "building": "FAH",
        "room": "291",
        "maximumEnrollment": 18,
        "enrollment": 5,
        "seatsAvailable": 13,
        "instructor": null,
        "email": "ezraj@usf.edu",
        "campus": "Tampa"
    },
    {
        "subjectDescription": "ART-Art",
        "courseTitle": "Digital Modeling",
        "campusDescription": "Tampa",
        "scheduleTypeDescription": "Class Lecture",
        "creditHours": null,
        "courseReferenceNumber": "97003",
        "days": "1010000",
        "start": "1530",
        "end": "1815",
        "building": "FAH",
        "room": "278",
        "maximumEnrollment": 16,
        "enrollment": 9,
        "seatsAvailable": 7,
        "instructor": null,
        "email": null,
        "campus": "Tampa"
    },
    {
        "subjectDescription": "ART-Art",
        "courseTitle": "Computer Animation",
        "campusDescription": "Tampa",
        "scheduleTypeDescription": "Class Lecture",
        "creditHours": null,
        "courseReferenceNumber": "88749",
        "days": "1010000",
        "start": "0930",
        "end": "1215",
        "building": "FAH",
        "room": "278",
        "maximumEnrollment": 16,
        "enrollment": 7,
        "seatsAvailable": 9,
        "instructor": null,
        "email": "roshninair@usf.edu",
        "campus": "Tampa"
    },
    {
        "subjectDescription": "ART-Art",
        "courseTitle": "Selected Topics in Film &amp; Video",
        "campusDescription": "Tampa",
        "scheduleTypeDescription": "Class Lecture",
        "creditHours": null,
        "courseReferenceNumber": "88755",
        "days": "1010000",
        "start": "1230",
        "end": "1515",
        "building": "FAH",
        "room": "279",
        "maximumEnrollment": 16,
        "enrollment": 2,
        "seatsAvailable": 14,
        "instructor": null,
        "email": "anat@usf.edu",
        "campus": "Tampa"
    },
    {
        "subjectDescription": "ART-Art",
        "courseTitle": "Selected Topics in Film &amp; Video",
        "campusDescription": "Tampa",
        "scheduleTypeDescription": "Class Lecture",
        "creditHours": null,
        "courseReferenceNumber": "96937",
        "days": "0101000",
        "start": "1230",
        "end": "1515",
        "building": "FAH",
        "room": "279",
        "maximumEnrollment": 8,
        "enrollment": 0,
        "seatsAvailable": 8,
        "instructor": null,
        "email": "susannawallin@usf.edu",
        "campus": "Tampa"
    },
    {
        "subjectDescription": "ART-Art",
        "courseTitle": "Intermediate Sculpture",
        "campusDescription": "Tampa",
        "scheduleTypeDescription": "Class Lecture",
        "creditHours": null,
        "courseReferenceNumber": "89182",
        "days": "1010000",
        "start": "1230",
        "end": "1515",
        "building": "FAH",
        "room": "142",
        "maximumEnrollment": 18,
        "enrollment": 13,
        "seatsAvailable": 5,
        "instructor": null,
        "email": "ggreen@usf.edu",
        "campus": "Tampa"
    },
    {
        "subjectDescription": "ART-Art",
        "courseTitle": "Selected Topics in Sculpture",
        "campusDescription": "Tampa",
        "scheduleTypeDescription": "Laboratory",
        "creditHours": null,
        "courseReferenceNumber": "92689",
        "days": "1010000",
        "start": "1530",
        "end": "1815",
        "building": "FAH",
        "room": "142",
        "maximumEnrollment": 5,
        "enrollment": 2,
        "seatsAvailable": 3,
        "instructor": null,
        "email": "ggreen@usf.edu",
        "campus": "Tampa"
    },
    {
        "subjectDescription": "ART-Art",
        "courseTitle": "Intermediate Ceramics",
        "campusDescription": "Tampa",
        "scheduleTypeDescription": "Class Lecture",
        "creditHours": null,
        "courseReferenceNumber": "97234",
        "days": "1010000",
        "start": "0930",
        "end": "1215",
        "building": "FAH",
        "room": "138",
        "maximumEnrollment": 18,
        "enrollment": 11,
        "seatsAvailable": 7,
        "instructor": null,
        "email": "byrd@usf.edu",
        "campus": "Tampa"
    },
    {
        "subjectDescription": "ART-Art",
        "courseTitle": "Selected Topic Ceramics",
        "campusDescription": "Tampa",
        "scheduleTypeDescription": "Laboratory",
        "creditHours": null,
        "courseReferenceNumber": "96920",
        "days": "1010000",
        "start": "1230",
        "end": "1515",
        "building": "FAH",
        "room": "138",
        "maximumEnrollment": 18,
        "enrollment": 3,
        "seatsAvailable": 15,
        "instructor": null,
        "email": "byrd@usf.edu",
        "campus": "Tampa"
    },
    {
        "subjectDescription": "ART-Art",
        "courseTitle": "Site, Installation, &amp; Performance",
        "campusDescription": "Tampa",
        "scheduleTypeDescription": "Individual Performance",
        "creditHours": null,
        "courseReferenceNumber": "96939",
        "days": "0101000",
        "start": "1230",
        "end": "1515",
        "building": "FAH",
        "room": "142",
        "maximumEnrollment": 18,
        "enrollment": 0,
        "seatsAvailable": 18,
        "instructor": null,
        "email": "mayoraz@usf.edu",
        "campus": "Tampa"
    },
    {
        "subjectDescription": "ART-Art",
        "courseTitle": "The Real World",
        "campusDescription": "Off-campus - Tampa",
        "scheduleTypeDescription": "Class Lecture",
        "creditHours": null,
        "courseReferenceNumber": "88333",
        "days": "0000000",
        "start": null,
        "end": null,
        "building": "OFFT",
        "room": "OFF",
        "maximumEnrollment": 45,
        "enrollment": 7,
        "seatsAvailable": 38,
        "instructor": null,
        "email": "scheatha@usf.edu",
        "campus": "Off-campus - Tampa"
    },
    {
        "subjectDescription": "ART-Art",
        "courseTitle": "Animation Process",
        "campusDescription": "Tampa",
        "scheduleTypeDescription": "Class Lecture",
        "creditHours": null,
        "courseReferenceNumber": "94857",
        "days": "0101000",
        "start": "0930",
        "end": "1215",
        "building": "FAH",
        "room": "278",
        "maximumEnrollment": 16,
        "enrollment": 2,
        "seatsAvailable": 14,
        "instructor": null,
        "email": "shengweizhou@usf.edu",
        "campus": "Tampa"
    },
    {
        "subjectDescription": "ART-Art",
        "courseTitle": "Advanced Drawing",
        "campusDescription": "Tampa",
        "scheduleTypeDescription": "Class Lecture",
        "creditHours": null,
        "courseReferenceNumber": "88733",
        "days": "0101000",
        "start": "1230",
        "end": "1515",
        "building": "FAH",
        "room": "291",
        "maximumEnrollment": 9,
        "enrollment": 2,
        "seatsAvailable": 7,
        "instructor": null,
        "email": "woo@usf.edu",
        "campus": "Tampa"
    },
    {
        "subjectDescription": "ART-Art",
        "courseTitle": "Advanced Printmaking",
        "campusDescription": "Tampa",
        "scheduleTypeDescription": "Laboratory",
        "creditHours": null,
        "courseReferenceNumber": "93237",
        "days": "0101000",
        "start": "1530",
        "end": "1815",
        "building": "FAH",
        "room": "145",
        "maximumEnrollment": 8,
        "enrollment": 4,
        "seatsAvailable": 4,
        "instructor": null,
        "email": "tmesapajan@usf.edu",
        "campus": "Tampa"
    },
    {
        "subjectDescription": "ART-Art",
        "courseTitle": "Advanced Painting",
        "campusDescription": "Tampa",
        "scheduleTypeDescription": "Class Lecture",
        "creditHours": null,
        "courseReferenceNumber": "88724",
        "days": "0101000",
        "start": "1230",
        "end": "1515",
        "building": "FAH",
        "room": "291",
        "maximumEnrollment": 9,
        "enrollment": 4,
        "seatsAvailable": 5,
        "instructor": null,
        "email": "woo@usf.edu",
        "campus": "Tampa"
    },
    {
        "subjectDescription": "ART-Art",
        "courseTitle": "Advanced Film &amp; Video",
        "campusDescription": "Tampa",
        "scheduleTypeDescription": "Class Lecture",
        "creditHours": null,
        "courseReferenceNumber": "88442",
        "days": "0101000",
        "start": "1230",
        "end": "1515",
        "building": "FAH",
        "room": "279",
        "maximumEnrollment": 8,
        "enrollment": 0,
        "seatsAvailable": 8,
        "instructor": null,
        "email": "susannawallin@usf.edu",
        "campus": "Tampa"
    },
    {
        "subjectDescription": "ART-Art",
        "courseTitle": "Advanced Sculpture",
        "campusDescription": "Tampa",
        "scheduleTypeDescription": "Class Lecture",
        "creditHours": null,
        "courseReferenceNumber": "89178",
        "days": "1010000",
        "start": "1530",
        "end": "1815",
        "building": "FAH",
        "room": "142",
        "maximumEnrollment": 5,
        "enrollment": 1,
        "seatsAvailable": 4,
        "instructor": null,
        "email": "ggreen@usf.edu",
        "campus": "Tampa"
    },
    {
        "subjectDescription": "ART-Art",
        "courseTitle": "Advanced Ceramics",
        "campusDescription": "Tampa",
        "scheduleTypeDescription": "Class Lecture",
        "creditHours": null,
        "courseReferenceNumber": "89181",
        "days": "1010000",
        "start": "1530",
        "end": "1815",
        "building": "FAH",
        "room": "142",
        "maximumEnrollment": 6,
        "enrollment": 1,
        "seatsAvailable": 5,
        "instructor": null,
        "email": "ggreen@usf.edu",
        "campus": "Tampa"
    },
    {
        "subjectDescription": "ART-Art",
        "courseTitle": "Directed Study",
        "campusDescription": "Tampa",
        "scheduleTypeDescription": "Directed Individual Study",
        "creditHours": 3,
        "courseReferenceNumber": "93180",
        "days": "0000100",
        "start": "0900",
        "end": "1200",
        "building": "FAH",
        "room": "138",
        "maximumEnrollment": 5,
        "enrollment": 0,
        "seatsAvailable": 5,
        "instructor": null,
        "email": "byrd@usf.edu",
        "campus": "Tampa"
    },
    {
        "subjectDescription": "ART-Art",
        "courseTitle": "Directed Study",
        "campusDescription": "Tampa",
        "scheduleTypeDescription": "Directed Individual Study",
        "creditHours": 3,
        "courseReferenceNumber": "93386",
        "days": "0000100",
        "start": "0900",
        "end": "1000",
        "building": "FAH",
        "room": "138",
        "maximumEnrollment": 5,
        "enrollment": 0,
        "seatsAvailable": 5,
        "instructor": null,
        "email": null,
        "campus": "Tampa"
    },
    {
        "subjectDescription": "ART-Art",
        "courseTitle": "Directed Study",
        "campusDescription": "Tampa",
        "scheduleTypeDescription": "Directed Individual Study",
        "creditHours": 3,
        "courseReferenceNumber": "93704",
        "days": "0000100",
        "start": "0800",
        "end": "1100",
        "building": "FAH",
        "room": "291",
        "maximumEnrollment": 5,
        "enrollment": 0,
        "seatsAvailable": 5,
        "instructor": null,
        "email": null,
        "campus": "Tampa"
    },
    {
        "subjectDescription": "ART-Art",
        "courseTitle": "Directed Study",
        "campusDescription": "Tampa",
        "scheduleTypeDescription": "Directed Individual Study",
        "creditHours": 3,
        "courseReferenceNumber": "93964",
        "days": "0000100",
        "start": "1100",
        "end": "1200",
        "building": "FAH",
        "room": "138",
        "maximumEnrollment": 1,
        "enrollment": 0,
        "seatsAvailable": 1,
        "instructor": null,
        "email": null,
        "campus": "Tampa"
    },
    {
        "subjectDescription": "ART-Art",
        "courseTitle": "Directed Study",
        "campusDescription": "Tampa",
        "scheduleTypeDescription": "Directed Individual Study",
        "creditHours": 3,
        "courseReferenceNumber": "94061",
        "days": "0000100",
        "start": "0900",
        "end": "1000",
        "building": "FAH",
        "room": "279",
        "maximumEnrollment": 5,
        "enrollment": 0,
        "seatsAvailable": 5,
        "instructor": null,
        "email": null,
        "campus": "Tampa"
    },
    {
        "subjectDescription": "ART-Art",
        "courseTitle": "Directed Study",
        "campusDescription": "St. Petersburg",
        "scheduleTypeDescription": "Directed Individual Study",
        "creditHours": null,
        "courseReferenceNumber": "95694",
        "days": "0000000",
        "start": null,
        "end": null,
        "building": "TBAP",
        "room": "TBA",
        "maximumEnrollment": 1,
        "enrollment": 1,
        "seatsAvailable": 0,
        "instructor": null,
        "email": "stankoj@usf.edu",
        "campus": "St. Petersburg"
    },
    {
        "subjectDescription": "ART-Art",
        "courseTitle": "Directed Study",
        "campusDescription": "St. Petersburg",
        "scheduleTypeDescription": "Directed Individual Study",
        "creditHours": null,
        "courseReferenceNumber": "96024",
        "days": "0101000",
        "start": "1100",
        "end": "1345",
        "building": "HBR",
        "room": "142",
        "maximumEnrollment": 1,
        "enrollment": 1,
        "seatsAvailable": 0,
        "instructor": null,
        "email": "egreenbe@usf.edu",
        "campus": "St. Petersburg"
    },
    {
        "subjectDescription": "ART-Art",
        "courseTitle": "Thinking &amp; Writing About Art",
        "campusDescription": "Tampa",
        "scheduleTypeDescription": "Class Lecture",
        "creditHours": 3,
        "courseReferenceNumber": "88335",
        "days": "0000100",
        "start": "1330",
        "end": "1615",
        "building": "FAH",
        "room": "227",
        "maximumEnrollment": 8,
        "enrollment": 5,
        "seatsAvailable": 3,
        "instructor": null,
        "email": null,
        "campus": "Tampa"
    },
    {
        "subjectDescription": "ART-Art",
        "courseTitle": "Art &amp; Art History Internship",
        "campusDescription": "Tampa",
        "scheduleTypeDescription": "Internship",
        "creditHours": null,
        "courseReferenceNumber": "94204",
        "days": "0000000",
        "start": null,
        "end": null,
        "building": "TBAT",
        "room": "TBA",
        "maximumEnrollment": 45,
        "enrollment": 4,
        "seatsAvailable": 41,
        "instructor": null,
        "email": "jmiller14@usf.edu",
        "campus": "Tampa"
    },
    {
        "subjectDescription": "ART-Art",
        "courseTitle": "Art &amp; Art History Internship",
        "campusDescription": "St. Petersburg",
        "scheduleTypeDescription": "Internship",
        "creditHours": null,
        "courseReferenceNumber": "97542",
        "days": "1010000",
        "start": "1400",
        "end": "1645",
        "building": "HBR",
        "room": "202",
        "maximumEnrollment": 6,
        "enrollment": 5,
        "seatsAvailable": 1,
        "instructor": null,
        "email": "jyucus@usf.edu",
        "campus": "St. Petersburg"
    },
    {
        "subjectDescription": "ART-Art",
        "courseTitle": "Avant-Garde: Professional Practices for BA Studio Majors",
        "campusDescription": "Off-campus - Tampa",
        "scheduleTypeDescription": "Internship",
        "creditHours": null,
        "courseReferenceNumber": "88334",
        "days": "0000000",
        "start": null,
        "end": null,
        "building": "OFFT",
        "room": "OFF",
        "maximumEnrollment": 45,
        "enrollment": 4,
        "seatsAvailable": 41,
        "instructor": null,
        "email": "scheatha@usf.edu",
        "campus": "Off-campus - Tampa"
    },
    {
        "subjectDescription": "ART-Art",
        "courseTitle": "Senior Thesis",
        "campusDescription": "Tampa",
        "scheduleTypeDescription": "Class Lecture",
        "creditHours": null,
        "courseReferenceNumber": "88808",
        "days": "0101000",
        "start": "1100",
        "end": "1215",
        "building": "FAH",
        "room": "132",
        "maximumEnrollment": 30,
        "enrollment": 15,
        "seatsAvailable": 15,
        "instructor": null,
        "email": "rheslin@usf.edu",
        "campus": "Tampa"
    },
    {
        "subjectDescription": "ART-Art",
        "courseTitle": "MFA Graduate Seminar III",
        "campusDescription": "Tampa",
        "scheduleTypeDescription": "Class Lecture",
        "creditHours": null,
        "courseReferenceNumber": "89617",
        "days": "0000100",
        "start": "1000",
        "end": "1245",
        "building": "FAH",
        "room": "288",
        "maximumEnrollment": 15,
        "enrollment": 0,
        "seatsAvailable": 15,
        "instructor": null,
        "email": "nb2@usf.edu",
        "campus": "Tampa"
    },
    {
        "subjectDescription": "ART-Art",
        "courseTitle": "Graduate Seminar I",
        "campusDescription": "Tampa",
        "scheduleTypeDescription": "Laboratory",
        "creditHours": null,
        "courseReferenceNumber": "89615",
        "days": "0000100",
        "start": "1000",
        "end": "1245",
        "building": "FAH",
        "room": "227",
        "maximumEnrollment": 15,
        "enrollment": 0,
        "seatsAvailable": 15,
        "instructor": null,
        "email": "nmason@usf.edu",
        "campus": "Tampa"
    },
    {
        "subjectDescription": "ART-Art",
        "courseTitle": "Graduate Seminar II",
        "campusDescription": "Tampa",
        "scheduleTypeDescription": "Laboratory",
        "creditHours": null,
        "courseReferenceNumber": "89616",
        "days": "0000100",
        "start": "1000",
        "end": "1245",
        "building": "FAH",
        "room": "132",
        "maximumEnrollment": 15,
        "enrollment": 0,
        "seatsAvailable": 15,
        "instructor": null,
        "email": "mayoraz@usf.edu",
        "campus": "Tampa"
    },
    {
        "subjectDescription": "ART-Art",
        "courseTitle": "Directed Study",
        "campusDescription": "Tampa",
        "scheduleTypeDescription": "Class Lecture",
        "creditHours": null,
        "courseReferenceNumber": "88832",
        "days": "0000100",
        "start": "0900",
        "end": "1200",
        "building": "FAH",
        "room": "275",
        "maximumEnrollment": 4,
        "enrollment": 0,
        "seatsAvailable": 4,
        "instructor": null,
        "email": "nb2@usf.edu",
        "campus": "Tampa"
    },
    {
        "subjectDescription": "ART-Art",
        "courseTitle": "Directed Study",
        "campusDescription": "Tampa",
        "scheduleTypeDescription": "Class Lecture",
        "creditHours": null,
        "courseReferenceNumber": "88833",
        "days": "0000100",
        "start": "0900",
        "end": "1200",
        "building": "FAH",
        "room": "275",
        "maximumEnrollment": 4,
        "enrollment": 0,
        "seatsAvailable": 4,
        "instructor": null,
        "email": "byrd@usf.edu",
        "campus": "Tampa"
    },
    {
        "subjectDescription": "ART-Art",
        "courseTitle": "Directed Study",
        "campusDescription": "Tampa",
        "scheduleTypeDescription": "Class Lecture",
        "creditHours": null,
        "courseReferenceNumber": "88855",
        "days": "0000100",
        "start": "0900",
        "end": "1200",
        "building": "FAH",
        "room": "275",
        "maximumEnrollment": 3,
        "enrollment": 0,
        "seatsAvailable": 3,
        "instructor": null,
        "email": "farcus@usf.edu",
        "campus": "Tampa"
    },
    {
        "subjectDescription": "ART-Art",
        "courseTitle": "Directed Study",
        "campusDescription": "Tampa",
        "scheduleTypeDescription": "Class Lecture",
        "creditHours": null,
        "courseReferenceNumber": "88857",
        "days": "0000100",
        "start": "0900",
        "end": "1200",
        "building": "FAH",
        "room": "275",
        "maximumEnrollment": 4,
        "enrollment": 0,
        "seatsAvailable": 4,
        "instructor": null,
        "email": "ggreen@usf.edu",
        "campus": "Tampa"
    },
    {
        "subjectDescription": "ART-Art",
        "courseTitle": "Directed Study",
        "campusDescription": "Tampa",
        "scheduleTypeDescription": "Class Lecture",
        "creditHours": null,
        "courseReferenceNumber": "88859",
        "days": "0000100",
        "start": "0900",
        "end": "1200",
        "building": "FAH",
        "room": "275",
        "maximumEnrollment": 4,
        "enrollment": 0,
        "seatsAvailable": 4,
        "instructor": null,
        "email": "egreenbe@usf.edu",
        "campus": "Tampa"
    },
    {
        "subjectDescription": "ART-Art",
        "courseTitle": "Directed Study",
        "campusDescription": "Tampa",
        "scheduleTypeDescription": "Class Lecture",
        "creditHours": null,
        "courseReferenceNumber": "88862",
        "days": "0000100",
        "start": "0900",
        "end": "1200",
        "building": "FAH",
        "room": "275",
        "maximumEnrollment": 4,
        "enrollment": 0,
        "seatsAvailable": 4,
        "instructor": null,
        "email": "showard@usf.edu",
        "campus": "Tampa"
    },
    {
        "subjectDescription": "ART-Art",
        "courseTitle": "Directed Study",
        "campusDescription": "Tampa",
        "scheduleTypeDescription": "Class Lecture",
        "creditHours": null,
        "courseReferenceNumber": "88860",
        "days": "0000100",
        "start": "0900",
        "end": "1200",
        "building": "FAH",
        "room": "275",
        "maximumEnrollment": 4,
        "enrollment": 0,
        "seatsAvailable": 4,
        "instructor": null,
        "email": "ezraj@usf.edu",
        "campus": "Tampa"
    },
    {
        "subjectDescription": "ART-Art",
        "courseTitle": "Directed Study",
        "campusDescription": "Tampa",
        "scheduleTypeDescription": "Class Lecture",
        "creditHours": null,
        "courseReferenceNumber": "92505",
        "days": "0000100",
        "start": "0900",
        "end": "1200",
        "building": "FAH",
        "room": "275",
        "maximumEnrollment": 4,
        "enrollment": 0,
        "seatsAvailable": 4,
        "instructor": null,
        "email": "lazarus@usf.edu",
        "campus": "Tampa"
    },
    {
        "subjectDescription": "ART-Art",
        "courseTitle": "Directed Study",
        "campusDescription": "Tampa",
        "scheduleTypeDescription": "Class Lecture",
        "creditHours": null,
        "courseReferenceNumber": "92506",
        "days": "0000100",
        "start": "0900",
        "end": "1200",
        "building": "FAH",
        "room": "275",
        "maximumEnrollment": 4,
        "enrollment": 0,
        "seatsAvailable": 4,
        "instructor": null,
        "email": "nmason@usf.edu",
        "campus": "Tampa"
    },
    {
        "subjectDescription": "ART-Art",
        "courseTitle": "Directed Study",
        "campusDescription": "Tampa",
        "scheduleTypeDescription": "Class Lecture",
        "creditHours": null,
        "courseReferenceNumber": "92507",
        "days": "0000100",
        "start": "0900",
        "end": "1200",
        "building": "FAH",
        "room": "275",
        "maximumEnrollment": 4,
        "enrollment": 0,
        "seatsAvailable": 4,
        "instructor": null,
        "email": "mayoraz@usf.edu",
        "campus": "Tampa"
    },
    {
        "subjectDescription": "ART-Art",
        "courseTitle": "Directed Study",
        "campusDescription": "Tampa",
        "scheduleTypeDescription": "Class Lecture",
        "creditHours": null,
        "courseReferenceNumber": "92508",
        "days": "0000100",
        "start": "0900",
        "end": "1200",
        "building": "FAH",
        "room": "275",
        "maximumEnrollment": 4,
        "enrollment": 0,
        "seatsAvailable": 4,
        "instructor": null,
        "email": "anat@usf.edu",
        "campus": "Tampa"
    },
    {
        "subjectDescription": "ART-Art",
        "courseTitle": "Directed Study",
        "campusDescription": "Tampa",
        "scheduleTypeDescription": "Class Lecture",
        "creditHours": null,
        "courseReferenceNumber": "92509",
        "days": "0000100",
        "start": "0900",
        "end": "1200",
        "building": "FAH",
        "room": "275",
        "maximumEnrollment": 4,
        "enrollment": 0,
        "seatsAvailable": 4,
        "instructor": null,
        "email": null,
        "campus": "Tampa"
    },
    {
        "subjectDescription": "ART-Art",
        "courseTitle": "Directed Study",
        "campusDescription": "Tampa",
        "scheduleTypeDescription": "Class Lecture",
        "creditHours": null,
        "courseReferenceNumber": "92513",
        "days": "0000100",
        "start": "0900",
        "end": "1200",
        "building": "FAH",
        "room": "275",
        "maximumEnrollment": 4,
        "enrollment": 0,
        "seatsAvailable": 4,
        "instructor": null,
        "email": "susannawallin@usf.edu",
        "campus": "Tampa"
    },
    {
        "subjectDescription": "ART-Art",
        "courseTitle": "Directed Study",
        "campusDescription": "Tampa",
        "scheduleTypeDescription": "Class Lecture",
        "creditHours": null,
        "courseReferenceNumber": "92514",
        "days": "0000100",
        "start": "0900",
        "end": "1200",
        "building": "FAH",
        "room": "275",
        "maximumEnrollment": 4,
        "enrollment": 0,
        "seatsAvailable": 4,
        "instructor": null,
        "email": "woo@usf.edu",
        "campus": "Tampa"
    },
    {
        "subjectDescription": "ART-Art",
        "courseTitle": "Directed Study",
        "campusDescription": "Tampa",
        "scheduleTypeDescription": "Class Lecture",
        "creditHours": null,
        "courseReferenceNumber": "93206",
        "days": "0000100",
        "start": "0900",
        "end": "1200",
        "building": "FAH",
        "room": "275",
        "maximumEnrollment": 4,
        "enrollment": 0,
        "seatsAvailable": 4,
        "instructor": null,
        "email": "shengweizhou@usf.edu",
        "campus": "Tampa"
    },
    {
        "subjectDescription": "ART-Art",
        "courseTitle": "Directed Study",
        "campusDescription": "Tampa",
        "scheduleTypeDescription": "Class Lecture",
        "creditHours": null,
        "courseReferenceNumber": "93207",
        "days": "0000100",
        "start": "0900",
        "end": "1200",
        "building": "FAH",
        "room": "275",
        "maximumEnrollment": 4,
        "enrollment": 0,
        "seatsAvailable": 4,
        "instructor": null,
        "email": null,
        "campus": "Tampa"
    },
    {
        "subjectDescription": "ART-Art",
        "courseTitle": "Thinking &amp; Writing About Art",
        "campusDescription": "Tampa",
        "scheduleTypeDescription": "Class Lecture",
        "creditHours": null,
        "courseReferenceNumber": "97518",
        "days": "0000100",
        "start": "1330",
        "end": "1615",
        "building": "FAH",
        "room": "227",
        "maximumEnrollment": 7,
        "enrollment": 0,
        "seatsAvailable": 7,
        "instructor": null,
        "email": null,
        "campus": "Tampa"
    }
]