[
    {
        "subjectDescription": "ASL-American Sign Language",
        "courseTitle": "American Sign Language I",
        "campusDescription": "Tampa",
        "scheduleTypeDescription": "Class Lecture",
        "creditHours": null,
        "courseReferenceNumber": "91163",
        "days": "0000100",
        "start": "1100",
        "end": "1150",
        "building": "PCD",
        "room": "1145",
        "maximumEnrollment": 25,
        "enrollment": 15,
        "seatsAvailable": 10,
        "instructor": null,
        "email": "ijarama@usf.edu",
        "campus": "Tampa"
    },
    {
        "subjectDescription": "ASL-American Sign Language",
        "courseTitle": "American Sign Language I",
        "campusDescription": "Tampa",
        "scheduleTypeDescription": "Class Lecture",
        "creditHours": null,
        "courseReferenceNumber": "93763",
        "days": "0000100",
        "start": "1230",
        "end": "1320",
        "building": "MHC",
        "room": "1621",
        "maximumEnrollment": 20,
        "enrollment": 0,
        "seatsAvailable": 20,
        "instructor": null,
        "email": "drifaie@usf.edu",
        "campus": "Tampa"
    },
    {
        "subjectDescription": "ASL-American Sign Language",
        "courseTitle": "American Sign Language I",
        "campusDescription": "Off-campus - Sarasota-Manatee",
        "scheduleTypeDescription": "Class Lecture",
        "creditHours": null,
        "courseReferenceNumber": "95139",
        "days": "1010000",
        "start": "1500",
        "end": "1615",
        "building": null,
        "room": null,
        "maximumEnrollment": 2,
        "enrollment": 0,
        "seatsAvailable": 2,
        "instructor": null,
        "email": "goutoufa@usf.edu",
        "campus": "Off-campus - Sarasota-Manatee"
    },
    {
        "subjectDescription": "ASL-American Sign Language",
        "courseTitle": "American Sign Language I",
        "campusDescription": "Off-campus - Tampa",
        "scheduleTypeDescription": "Other",
        "creditHours": null,
        "courseReferenceNumber": "91162",
        "days": "0000100",
        "start": "0930",
        "end": "1020",
        "building": "OFFT",
        "room": "OFF",
        "maximumEnrollment": 25,
        "enrollment": 4,
        "seatsAvailable": 21,
        "instructor": null,
        "email": "ericcardenas@usf.edu",
        "campus": "Off-campus - Tampa"
    },
    {
        "subjectDescription": "ASL-American Sign Language",
        "courseTitle": "American Sign Language I",
        "campusDescription": "Off-campus - Tampa",
        "scheduleTypeDescription": "Other",
        "creditHours": null,
        "courseReferenceNumber": "91142",
        "days": "0000100",
        "start": "1100",
        "end": "1150",
        "building": "OFFT",
        "room": "OFF",
        "maximumEnrollment": 25,
        "enrollment": 6,
        "seatsAvailable": 19,
        "instructor": null,
        "email": "kjavar@usf.edu",
        "campus": "Off-campus - Tampa"
    },
    {
        "subjectDescription": "ASL-American Sign Language",
        "courseTitle": "American Sign Language I",
        "campusDescription": "Off-campus - Tampa",
        "scheduleTypeDescription": "Other",
        "creditHours": null,
        "courseReferenceNumber": "91139",
        "days": "0000100",
        "start": "0930",
        "end": "1020",
        "building": "OFFT",
        "room": "OFF",
        "maximumEnrollment": 25,
        "enrollment": 2,
        "seatsAvailable": 23,
        "instructor": null,
        "email": "kjavar@usf.edu",
        "campus": "Off-campus - Tampa"
    },
    {
        "subjectDescription": "ASL-American Sign Language",
        "courseTitle": "American Sign Language II",
        "campusDescription": "Tampa",
        "scheduleTypeDescription": "Class Lecture",
        "creditHours": null,
        "courseReferenceNumber": "96004",
        "days": "0000100",
        "start": "1230",
        "end": "1320",
        "building": "PCD",
        "room": "1145",
        "maximumEnrollment": 20,
        "enrollment": 0,
        "seatsAvailable": 20,
        "instructor": null,
        "email": "ijarama@usf.edu",
        "campus": "Tampa"
    },
    {
        "subjectDescription": "ASL-American Sign Language",
        "courseTitle": "American Sign Language II",
        "campusDescription": "Off-campus - Tampa",
        "scheduleTypeDescription": "Other",
        "creditHours": null,
        "courseReferenceNumber": "91183",
        "days": "0000100",
        "start": "1230",
        "end": "1320",
        "building": "OFFT",
        "room": "OFF",
        "maximumEnrollment": 25,
        "enrollment": 25,
        "seatsAvailable": 0,
        "instructor": null,
        "email": "kjavar@usf.edu",
        "campus": "Off-campus - Tampa"
    },
    {
        "subjectDescription": "ASL-American Sign Language",
        "courseTitle": "American Sign Language II",
        "campusDescription": "Off-campus - Tampa",
        "scheduleTypeDescription": "Other",
        "creditHours": null,
        "courseReferenceNumber": "91180",
        "days": "0000100",
        "start": "1100",
        "end": "1150",
        "building": "OFFT",
        "room": "OFF",
        "maximumEnrollment": 25,
        "enrollment": 14,
        "seatsAvailable": 11,
        "instructor": null,
        "email": null,
        "campus": "Off-campus - Tampa"
    },
    {
        "subjectDescription": "ASL-American Sign Language",
        "courseTitle": "American Sign Language II",
        "campusDescription": "Off-campus - Tampa",
        "scheduleTypeDescription": "Other",
        "creditHours": null,
        "courseReferenceNumber": "91174",
        "days": "0000100",
        "start": "1230",
        "end": "1320",
        "building": "OFFT",
        "room": "OFF",
        "maximumEnrollment": 25,
        "enrollment": 14,
        "seatsAvailable": 11,
        "instructor": null,
        "email": null,
        "campus": "Off-campus - Tampa"
    },
    {
        "subjectDescription": "ASL-American Sign Language",
        "courseTitle": "American Sign Language III",
        "campusDescription": "Tampa",
        "scheduleTypeDescription": "Class Lecture",
        "creditHours": null,
        "courseReferenceNumber": "91185",
        "days": "0101000",
        "start": "1100",
        "end": "1215",
        "building": "PCD",
        "room": "1143",
        "maximumEnrollment": 25,
        "enrollment": 0,
        "seatsAvailable": 25,
        "instructor": null,
        "email": "ijarama@usf.edu",
        "campus": "Tampa"
    },
    {
        "subjectDescription": "ASL-American Sign Language",
        "courseTitle": "American Sign Language IV",
        "campusDescription": "Tampa",
        "scheduleTypeDescription": "Class Lecture",
        "creditHours": null,
        "courseReferenceNumber": "91187",
        "days": "1010000",
        "start": "1230",
        "end": "1345",
        "building": "PCD",
        "room": "1143",
        "maximumEnrollment": 25,
        "enrollment": 0,
        "seatsAvailable": 25,
        "instructor": null,
        "email": "drifaie@usf.edu",
        "campus": "Tampa"
    },
    {
        "subjectDescription": "ASL-American Sign Language",
        "courseTitle": "Linguistics of ASL",
        "campusDescription": "Tampa",
        "scheduleTypeDescription": "Class Lecture",
        "creditHours": null,
        "courseReferenceNumber": "91104",
        "days": "1010000",
        "start": "1100",
        "end": "1215",
        "building": "PCD",
        "room": "1144",
        "maximumEnrollment": 25,
        "enrollment": 0,
        "seatsAvailable": 25,
        "instructor": null,
        "email": "surrency@usf.edu",
        "campus": "Tampa"
    },
    {
        "subjectDescription": "ASL-American Sign Language",
        "courseTitle": "American Sign Language V",
        "campusDescription": "Tampa",
        "scheduleTypeDescription": "Class Lecture",
        "creditHours": null,
        "courseReferenceNumber": "91137",
        "days": "0101000",
        "start": "1230",
        "end": "1345",
        "building": "PCD",
        "room": "1143",
        "maximumEnrollment": 25,
        "enrollment": 6,
        "seatsAvailable": 19,
        "instructor": null,
        "email": "ijarama@usf.edu",
        "campus": "Tampa"
    },
    {
        "subjectDescription": "ASL-American Sign Language",
        "courseTitle": "ASL Narratives: Analysis, Comprehension, &amp; Fluency",
        "campusDescription": "Tampa",
        "scheduleTypeDescription": "Class Lecture",
        "creditHours": null,
        "courseReferenceNumber": "89213",
        "days": "1010000",
        "start": "1100",
        "end": "1215",
        "building": "PCD",
        "room": "1143",
        "maximumEnrollment": 25,
        "enrollment": 4,
        "seatsAvailable": 21,
        "instructor": null,
        "email": "drifaie@usf.edu",
        "campus": "Tampa"
    },
    {
        "subjectDescription": "ASL-American Sign Language",
        "courseTitle": "Deaf Culture",
        "campusDescription": "Off-campus - Tampa",
        "scheduleTypeDescription": "Other",
        "creditHours": null,
        "courseReferenceNumber": "91097",
        "days": "0000000",
        "start": null,
        "end": null,
        "building": "OFFT",
        "room": "OFF",
        "maximumEnrollment": 150,
        "enrollment": 22,
        "seatsAvailable": 128,
        "instructor": null,
        "email": "drifaie@usf.edu",
        "campus": "Off-campus - Tampa"
    }
]